Pick up Date,Ref Number,Pick up location,Pick up State,Shipping Company,Ship Via,Deliver to,Dest. State,Region,DOA,Person requesting,Pallets,Est Cost
27-Sep,FFEAlaska09272019,FFE Solutions,Utah,Trans-Expedite,Air,doTERRA Alaska,Alaska,Alaska,30-Sep,Bryce Russell,1,"$1,825.71 "
18-Sep,4800010033R,Visible (WJ),Utah,Aries Global,Ground,doTERRA Alaska,Alaska,Alaska,23-Sep,Visible (WJ),1,$306.06 
30-Sep, 4800010189R  ,Visible (WJ),Utah,Trans-Expedite,Air,doTERRA Alaska,Alaska,Alaska,1-Oct,Visible (WJ),1,"$1,010.80 "
17-Oct,4800010557R,Visible (WJ),Utah,Trans-Expedite,Air,doTERRA Alaska,Alaska,Alaska,18-Oct,Visible (WJ),1,"$1,600.00 "
18-Sep,4900003687R,Visible (WJ),Utah,Scott Johnson/Carlile ,Ground,doTERRA Alaska,Alaska,Alaska,25-Sep,Visible (WJ),16,"$1,820.47 "
12-Sep,4800009936R,Visible (WJ),Utah,Scott Johnson,Ground,doTERRA Alaska,Alaska,Alaska,22-Sep,Visible (WJ),16,"$2,300.00 "
1-Jul,4500005966,CasePak,Utah,Scott Johnson,Ground,PakLabs,California,West,3-Jul,Kristin HIrst,18,"$1,100.00 "
7-Aug,CasePak08072019,CasePak,Utah,Aries Global,Ground,Paklabs,California,West,9-Aug,Kristin Hirst,1,$383.97 
16-Aug,4500007423,CasePak,Utah,Scott Johnson,Ground,Paklabs,California,West,19-Aug,Kristin Hirst,22,"$1,000.00 "
24-Jun,BF06242019,Doterra Mfg,Utah,GlobalTranz,Ground,Best Formulation,California,West,26-Jun,Nathan Davis,1,$131.73 
12-Aug,BF08122019,Doterra Mfg,Utah,GlobalTranz,Ground,Best Formulations,California,West,14-Aug,Cameron Riel,1,$136.01 
27-Sep,BF09272019,Doterra Mfg,Utah,GlobalTranz,Ground,Best Formulations,California,West,30-Sep,Nathan Davis,1,$138.19 
23-Oct,BF10232019,doTERRA Mfg,Utah,GlobalTranz,Ground,Best Formulations,California,West,24-Oct,Nathan Davis,1,$138.19 
6-Nov,BF110619,doTERRA Mfg,Utah,GlobalTranz,Ground,Best Formulations,California,West,8-Nov,Nathan Davis ,1,$138.19 
7-Aug,BF08072019,Doterra Mfg,Utah,GlobalTranz,Ground,Best Formulations,California,West,9-Aug,Cameron Riel,1,$161.59 
4-Oct,BF10042019,doTerra Mfg,Utah,GlobalTranz,Ground,Best Formulations,California,West,8-Oct,Cameron Riel,1,$193.66 
17-Oct,4500011877,doTERRA Mfg,Utah,GlobalTranz,Ground,Best Formulations,California,West,21-Oct,Nathan Davis,1,$236.92 
31-Oct,BF10312019,doTERRA Mfg,Utah,GlobalTranz,Ground,Best Formulations,California,West,4-Nov,Nathan Davis,1,$274.85 
21-Aug,4500011103,Doterra Mfg,Utah,Aries Global,Ground,Best Formulations,California,West,23-Aug,Cameron Riel,1,$361.92 
29-May,83668203,Doterra Mfg,Utah,GlobalTranz,,Best Formulations,California,West,31-May,Nathan Davis,2,$374.96 
11-Jul,4500010653/4500010651,Doterra Mfg,Utah,Aries Global,Ground,Best Formulations,California,West,15-Jul,Nathan Davis,2,$407.57 
2-Jul,4500010771,Doterra Mfg,Utah,Aries Global,Ground,Best Formulations,California,West,5-Jul,Nathan Davis,2,$457.32 
14-Aug,4500011081,Doterra Mfg,Utah,Aries Global,Ground,Best Formulations,California,West,19-Aug,Cameron Riel,1,$503.32 
25-Jul,4500010653,Doterra Mfg,Utah,Aries Global,Ground,Best Formulations,California,West,29-Jul,Nathan Davis,2,$598.43 
1-Aug,BF08012019,Doterra Mfg,Utah,Aries Global,Ground,Best Formulations,California,West,5-Aug,Cameron Riel,3,$976.11 
10-Jun,BF06102019,Doterra Mfg,Utah,Aries Global,Ground,Best Formulations,California,West,12-Jun,Nathan Davis,2,$985.50 
12-Jul,4500010369,Doterra Mfg,Utah,Aries Global,Ground,Captek ,California,West,16-Jul,Nathan Davis,1,$447.21 
2-Aug,CAP08022019,Doterra Mfg,Utah,GlobalTranz,Ground,Captek Softgels,California,West,6-Aug,Nathan Davis,1,$164.16 
4-Jun,4500010369,Doterra Mfg,Utah,GlobalTranz,Ground,Captek Softgels,California,West,6-Jun,Nathan Davis,1,$226.15 
23-Oct,Captek10232019,doTERRA Mfg,Utah,GlobalTranz,Ground,Captek Softgels,California,West,25-Oct,Cameron Riel,1,$236.92 
9-Aug,4500011083,Doterra Mfg,Utah,Aries Global,Ground,Captek Softgels,California,West,13-Aug,Cameron Riel,1,$331.43 
24-Sep,CLA09242019,Doterra Mfg,Utah,GlobalTranz,Ground,CLA,California,West,26-Sep,Shelly Carly,1,$138.19 
21-Oct,CLA10212019,doTERRA Mfg,Utah,GlobalTranz,Ground,CLA,California,West,23-Oct,Nathan Davis,1,$138.19 
10-Oct,CLA10102019,doTerra Mfg,Utah,GlobalTranz,Ground,CLA,California,West,14-Oct,Shelly Carly,1,$185.83 
12-Jul,CLA07122019,Doterra Mfg,Utah,Aries Global,Ground,CLA,California,West,15-Jul,Nathan Davis,1,$207.81 
16-Sep,CLA09162019,Doterra Mfg,Utah,GlobalTranz,Ground,CLA,California,West,18-Sep,Shelly Carly,1,$236.32 
15-Aug,4500010211,Doterra Mfg,Utah,GlobalTranz,Ground,CLA,California,West,19-Aug,Shelly Carly,1,$242.04 
11-Sep,CLA09112019,Doterra Mfg,Utah,GlobalTranz,Ground,CLA,California,West,16-Sep,Shelly Carly,1,$260.28 
6-Sep,4500010210,Doterra Mfg,Utah,Aries Global,Ground,CLA,California,West,10-Sep,Shelly Carly,1,$275.09 
29-Aug,CLA08292019,Doterra Mfg,Utah,Aries Global,Ground,CLA,California,West,3-Sep,Shelly Carly,1,$277.28 
21-Aug,NCL08212009,Doterra Mfg,Utah,GlobalTranz,Ground,CLA,California,West,23-Aug,Shelly Carly,2,$285.09 
25-Jul,4500010209,Doterra Mfg,Utah,Aries Global,Ground,CLA,California,West,29-Jul,Nathan Davis,1,$331.43 
5-Sep,CLA09052019,Doterra Mfg,Utah,GlobalTranz,Ground,CLA,California,West,9-Sep,Shelly Carly,2,$369.76 
27-Sep,CLA09272019,Doterra Mfg,Utah,Aries Global,Ground,CLA,California,West,1-Oct,Nathan Davis,1,$735.55 
1-Aug,CLA08012019,Doterra Mfg,Utah,Scott Johnson,Ground,CLA,California,West,5-Aug,Shelly Carly,10,$900.00 
29-May,CLA05292019,Doterra Mfg,Utah,GlobalTranz,,Cosmetic Labs of America,California,West,31-May,Shelly Carly,1,$138.99 
19-Jun,4500009403,Doterra Mfg,Utah,Aries Global,Ground,Cosmetic Labs of America,California,West,24-Jun,Shelly Carly,1,$242.40 
14-Jun,CLA06142019,Doterra Mfg,Utah,Aries Global,Ground,Cosmetic Labs of America,California,West,18-Jun,Shelly Carly,2,$583.29 
1-Aug,GL08012019,Doterra Mfg,Utah,GlobalTranz,Ground,Gen Labs,California,West,2-Aug,Nathan Davis,1,$138.18 
19-Jun,Pak06192019,Doterra Mfg,Utah,Aries Global,Ground,PakLabs,California,West,21-Jun,Nathan Davis,1,$238.99 
28-Jun,PKL06252019,Visible (WJ),Utah,Scott Johnson,Ground,PakLab,California,West,3-Jul,Kristin HIrst,120,"$2,000.00 "
1-Aug,MDW-8527-2,Visible (WJ),Utah,Scott Johnson,Ground,Paklabs,California,West,5-Aug,Visible (WJ),18,$900.00 
22-Aug,Paklab81919 ,Visible (WJ),Utah,Scott Johnson,Ground,Paklabs,California,West,26-Aug,Kristin Hirst,61,"$3,600.00 "
25-Sep,HHFSanDiego09252019,Visible (WJ),Utah,GlobalTranz,Ground,"San Diego, CA",California,West,27-Sep,Kathryn Johnson,1,$247.31 
12-Jul,Aesus07122019,Doterra Mfg,Utah,Aries Global,Ground,Aesus (Quebec),Canada,Canada,18-Jul,Nathan Davis,1,$361.13 
14-Aug,4500011057,Doterra Mfg,Utah,Aries Global,Ground,Atrium Innovations,Canada,Canada,20-Aug,Valleri Mcleod,1,$343.29 
19-Jul,4800009347,Doterra Mfg,Utah,Aries Global ,Ground,Canada (Brampton),Canada,Canada,26-Jul,Jake Goldsmith,1,$559.43 
24-Jun,4800009034,Doterra Mfg,Utah,Aries Global,Ground,Canada (Brampton),Canada,Canada,28-Jun,Nathan Davis,1,$638.05 
25-Sep,QuebecPCT,Doterra Mfg,Utah,Scott Johnson,Ground,Canada (Brampton),Canada,Canada,30-Sep,Events,9,"$4,100.00 "
19-Jul,4800009348,Doterra Mfg,Utah,Aries Global,Ground,Canada (Calgary),Canada,Canada,26-Jul,Jake Goldsmith,1,$349.75 
24-Jun,4800009035,Doterra Mfg,Utah,Aries Global,Ground,Canada (Calgary),Canada,Canada,26-Jun,Nathan Davis,1,$361.40 
5-Jun,4800008838,Doterra Mfg,Utah,Aries Global,Ground,Canada (Calgary),Canada,Canada,10-Jun,Nathan Davis,1,$368.52 
24-Jul,4800009421,Doterra Mfg,Utah,Aries Global ,Ground,Canada (Quebec),Canada,Canada,31-Jul,Jake Goldsmith,1,$739.38 
23-Jul,VANEVENT07232019,Doterra Mfg,Utah,Aries Global,Ground,Canada (Vancouver),Canada,Canada,29-Jul,Candice Klein,1,$393.29 
15-Oct,NF-VancouverPCT,doTERRA Mfg.,Utah,Scott Johnson,Ground,Canada (Brampton),Canada,Canada,21-Oct,Events,7,"$4,100.00 "
17-Oct,DTWCABOX8-9,Visible (ATL),Atlanta,Scott Johnson,Ground,Canada (Brampton),Canada,Canada,23-Oct,Visible (WJ),33,"$4,400.00 "
15-Aug,CAbox8-9-19,Visible (ATL),Atlanta,Scott Johnson,Ground,Canada (Brampton),Canada,Canada,22-Aug,Visible (WJ),52,"$4,800.00 "
21-Jun,BMPjunebox,Visible (ATL),Atlanta,Scott Johnson,Ground,Canada (Brampton),Canada,Canada,28-Jun,Visible (WJ),50,"$5,000.00 "
12-Aug,KCAG4800009479,Visible (WJ),Utah,Scott Johnson,Ground,Canada (Brampton),Canada,Canada,16-Aug,Visible (WJ),10,"$1,640.00 "
12-Aug,BMPG48-9492,Visible (WJ),Utah,Scott Johnson,Ground,Canada (Brampton),Canada,Canada,16-Aug,Visible (WJ),15,"$2,460.00 "
29-Aug,BMPG48-9754,Visible (WJ),Utah,Scott Johnson,Ground,Canada (Brampton),Canada,Canada,5-Sep,Visible (WJ),13,"$4,100.00 "
4-Sep,KCAG4800009722,Visible (WJ),Utah,Scott Johnson,Ground,Canada (Brampton),Canada,Canada,9-Sep,Visible (WJ),18,"$4,100.00 "
16-Sep,KCAG4800009998R,Visible (WJ),Utah,Scott Johnson,Ground,Canada (Brampton),Canada,Canada,20-Sep,Visible (WJ),23,"$4,100.00 "
17-Oct,BMP48-10360,Visible (WJ),Utah,Scott Johnson,Ground,Canada (Brampton),Canada,Canada,23-Oct,Visible (WJ),18,"$4,100.00 "
27-Jun,BMPG31706/BMP48-9004-R,Visible (WJ),Utah,Scott Johnson,Ground ,Canada (Brampton),Canada,Canada,3-Jul,Visible (WJ),17,"$4,200.00 "
24-Jul,BMPG31827,Visible (WJ),Utah,Scott Johnson,Ground,Canada (Brampton),Canada,Canada,31-Jul,Visible (WJ),5,"$4,200.00 "
16-Jul,BMP48-9178,Visible (WJ),Utah,Scott Johnson,Ground,Canada (Brampton),Canada,Canada,23-Jul,Visible (WJ),19,"$4,300.00 "
5-Jun,BPMG31552,Visible (WJ),Utah,Scott Johnson,Ground,Canada (Brampton),Canada,Canada,11-Jun,Visible (WJ),26,"$4,600.00 "
21-Oct,BMP10552-R,Visible (WJ),Utah,Scott Johnson,Ground,Canada (Brampton),Canada,Canada,25-Oct,Visible (WJ),89,"$8,200.00 "
25-Jul,CGYG31828,Visible (WJ),Utah,Aries Global,Ground,Canada (Calgary),Canada,Canada,30-Jul,Visible (WJ),2,"$1,160.78 "
28-Jun,CGY48-9005-R,Visible (WJ),Utah,Scott Johnson,Ground,Canada (Calgary),Canada,Canada,5-Jul,Visible (WJ),9,"$2,800.00 "
16-Jul,CGY48-9179,Visible (WJ),Utah,Scott Johnson,Ground,Canada (Calgary),Canada,Canada,19-Jul,Visible (WJ),7,"$2,800.00 "
9-Aug,KCAG4800009483,Visible (WJ),Utah,Scott Johnson,Ground,Canada (Calgary),Canada,Canada,14-Aug,Visible (WJ),1,"$2,900.00 "
26-Aug,KCAG4800009723,Visible (WJ),Utah,Scott Johnson,Ground,Canada (Calgary),Canada,Canada,29-Aug,Visible (WJ),8,"$2,900.00 "
29-Aug,CGYG48-9766,Visible (WJ),Utah,Scott Johnson,Ground,Canada (Calgary),Canada,Canada,3-Sep,Visible (WJ),7,"$2,900.00 "
4-Sep,CALG082819,Visible (WJ),Utah,Scott Johnson,Ground,Canada (Calgary),Canada,Canada,9-Sep,Visible (WJ),7,"$3,000.00 "
16-Sep,KCAG4800009999R,Visible (WJ),Utah,Scott Johnson,Ground,Canada (Calgary),Canada,Canada,20-Sep,Visible (WJ),6,"$3,000.00 "
19-Sep,CGYG10003,Visible (WJ),Utah,Scott Johnson,Ground,Canada (Calgary),Canada,Canada,23-Sep,Visible (WJ),5,"$3,000.00 "
18-Oct,CGY48-10361,Visible (WJ),Utah,Scott Johnson,Ground,Canada (Calgary),Canada,Canada,23-Oct,Visible (WJ),50,"$3,000.00 "
4-Jun,CGYG31553,Visible (WJ),Utah,Scott Johnson,Ground,Canada (Calgary),Canada,Canada,7-Jun,Visible (WJ),12,"$3,200.00 "
3-Jul,CGYJunebox,Visible (WJ),Utah,Scott Johnson,Ground,Canada (Calgary),Canada,Canada,9-Jul,Visible (WJ),50,"$5,800.00 "
27-Sep,PCTOrlando,Doterra Mfg,Utah,Aries Global,Ground,Gaylord Palms Orlando,Florida,East,3-Oct,Events,4,"$1,634.43 "
1-Oct,PCTOrlando,doTerra Mfg,Utah,Aries Global,Ground,Gaylord Palms Orlando,Florida,East,4-Oct,Events,3,"$3,900.00 "
25-Sep,HHFFlorida09252019,Visible (WJ),Utah,GlobalTranz,Ground,"Hollywood, FL",Florida,East,2-Oct,Kathryn Johnson,2,$276.89 
29-Aug,VISATL08292019,Doterra Mfg,Utah,GlobalTranz,Ground,Visible (ATL),Georgia,East,3-Sep,Nathan Davis,1,$169.03 
9-Sep,ATL09092019,Doterra Mfg,Utah,GlobalTranz,Ground,Visible (ATL),Georgia,East,13-Sep,Nathan Davis,1,$169.03 
9-Aug,ATL08092019,Doterra Mfg,Utah,GlobalTranz,Ground,Visible (ATL),Georgia,East,12-Aug,Nathan Davis,1,$170.10 
15-Jul,ATL07152019,Doterra Mfg,Utah,GlobalTranz,Ground,Visible (ATL),Georgia,East,19-Jul,Nathan Davis,1,$215.82 
27-Sep,ATLrose,doTERRA Mfg,Utah,Trans-Expedite,Air,Visible (ATL),Georgia,East,30-Sep,Nathan Davis,1,$221.66 
1-Nov,ATL11012019,doTERRA Mfg,Utah,GlobalTranz,Ground,Visible (ATL),Georgia,East,7-Nov,Nathan Davis,1,$230.14 
17-Oct,ATL10172019,doTERRA Mfg,Utah,GlobalTranz,Ground,Visible (ATL),Georgia,East,23-Oct,Nathan Davis,1,$323.59 
19-Jul,ATL07192019,Doterra Mfg,Utah,GlobalTranz,Ground,Visible (ATL),Georgia,East,25-Jul,Nathan Davis,3,$709.35 
12-Jul,ATL07122019,Doterra Mfg,Utah,Aries Global,Ground,Visible (ATL),Georgia,East,18-Jul,Nathan Davis,3,$933.38 
28-Jun,4800009120,Doterra Mfg,Utah,Aries Global,Ground,Visible (ATL),Georgia,East,2-Jul,Visible (WJ,3,"$1,155.00 "
8-Oct,ATL10082019,doTerra Mfg,Utah,Aries Global,Ground,Visible (ATL),Georgia,East,11-Oct,Bryce Russell,2,"$1,228.51 "
10-Oct,ATL10102019,doTerra Mfg,Utah,Aries Global,Ground,Visible (ATL),Georgia,East,16-Oct,Bryce Russell,3,"$1,530.52 "
27-Sep,ATL092619 ,Doterra Mfg,Utah,Scott Johnson,Ground,Visible (ATL),Georgia,East,3-Oct,Nathan Davis,10,"$3,600.00 "
18-Jun,4800008958,Doterra Mfg,Utah,GlobalTranz,Ground,Visible (Atlanta),Georgia,East,21-Jun,Nathan Davis,1,$162.36 
24-May,60206972,Doterra Mfg,Utah,GlobalTranz,,Visible (Atlanta),Georgia,East,31-May,Nathan Davis,1,$273.76 
22-May,4800008705,Doterra Mfg,Utah,GlobalTranz,,Visible (Atlanta),Georgia,East,28-May,,3,$717.23 
23-Aug,4800009731,FFE Solutions,Utah,Aries Global,Ground,Visible (ATL),Georgia,East,29-Aug,Blake Clark,5,"$2,005.00 "
25-Sep,4500011655/4500011564,FFE Solutions,Utah,Scott Johnson,Ground,Visible (ATL),Georgia,East,1-Oct,Blake Clark,25,"$4,000.00 "
2-Oct,450011564,FFE Solutions,Utah,Scott Johnson,Ground,Visible (ATL),Georgia,East,9-Oct,Blake Clark,11,"$4,000.00 "
20-Sep,4900003724,Saddle Creek (DFW),Texas,Aries Global,Ground,Visible (ATL),Georgia,East,25-Sep,Bryce Russell,1,$252.32 
7-Oct,DFWATLCLEM10072019,Saddle Creek (DFW),Texas,Aries Global,Ground,Visible (ATL),Georgia,East,9-Oct,Bryce Russell,1,"$1,750.00 "
20-Aug,4800009747R,Visible (WJ,Utah,Scott Johnson,Ground ,Visible (ATL),Georgia,East,26-Aug,Visible (WJ),17,"$3,500.00 "
5-Jul,4900003561,Visible (WJ),Utah,GlobalTranz,Ground,Visible (ATL),Georgia,East,11-Jul,Visible (WJ),1,$215.82 
30-Jul,4800009353,Visible (WJ),Utah,GlobalTranz,Ground,Visible (ATL),Georgia,East,6-Aug,Visible (WJ),2,$362.53 
1-Jul,4800009010R,Visible (WJ),Utah,Aries Global,Ground,Visible (ATL),Georgia,East,5-Jul,Visible (WJ),1,$484.81 
6-Aug,4900003625R ,Visible (WJ),Utah,Aries Global,Ground,Visible (ATL),Georgia,East,13-Aug,Visible (WJ),4,$575.70 
15-Oct,4900003774R ,Visible (WJ),Utah,Aries Global,Ground,Visible (ATL),Georgia,East,21-Oct,Visible (WJ),3,$680.71 
11-Sep,4900003688R ,Visible (WJ),Utah,Aries Global,Ground,Visible (ATL),Georgia,East,17-Sep,Visible (WJ),3,"$1,243.61 "
9-Jul,4800009175R ,Visible (WJ),Utah,Aries Global,Ground,Visible (ATL),Georgia,East,16-Jul,Visible (WJ),4,"$1,249.32 "
26-Jun,4800009051R ,Visible (WJ),Utah,Aries Global,Ground,Visible (ATL),Georgia,East,2-Jul,Visible (WJ),3,"$1,251.11 "
7-Oct,4900003748R ,Visible (WJ),Utah,Aries Global,Ground,Visible (ATL),Georgia,East,11-Oct,Visible (WJ),3,"$1,728.06 "
8-Aug,4900003631R ,Visible (WJ),Utah,Aries Global,Ground,Visible (ATL),Georgia,East,13-Aug,Visible (WJ),3,"$1,947.24 "
10-Jul,4900003570R,Visible (WJ),Utah,Aries Global,Ground,Visible (ATL),Georgia,East,18-Jul,Visible (WJ),5,"$1,949.11 "
2-Jul,4800009114,Visible (WJ),Utah,Aries Global,Ground,Visible (ATL),Georgia,East,8-Jul,Visible (WJ),7,"$2,695.00 "
24-Jun,4800008971,Visible (WJ),Utah,Scott Johnson,Ground,Visible (ATL),Georgia,East,1-Jul,Visible (WJ),17,"$3,400.00 "
25-Jun,4800009038R,Visible (WJ),Utah,Scott Johnson,Ground,Visible (ATL),Georgia,East,2-Jul,Visible (WJ),9,"$3,400.00 "
28-Jun,4800009090,Visible (WJ),Utah,Scott Johnson,Ground,Visible (ATL),Georgia,East,5-Jul,Visible (WJ),15,"$3,400.00 "
6-Aug,4800009556R ,Visible (WJ),Utah,Scott Johnson,Ground,Visible (ATL),Georgia,East,13-Aug,Visible (WJ),26,"$3,400.00 "
7-Aug,4800009504R,Visible (WJ),Utah,Scott Johnson,Ground,Visible (ATL),Georgia,East,13-Aug,Visible (WJ),25,"$3,400.00 "
8-Aug,4800009575,Visible (WJ),Utah,Scott Johnson,Ground,Visible (ATL),Georgia,East,14-Aug,Visible (WJ),26,"$3,400.00 "
3-Jul,4800009143R ,Visible (WJ),Utah,Scott Johnson,Ground,Visible (ATL),Georgia,East,11-Jul,Visible (WJ),23,"$3,500.00 "
11-Jul,4800009209,Visible (WJ),Utah,Scott Johnson,Ground,Visible (ATL),Georgia,East,18-Jul,Visible (WJ),7,"$3,500.00 "
17-Jul,4800009259,Visible (WJ),Utah,Scott Johnson,Ground,Visible (ATL),Georgia,East,24-Jul,Visible (WJ),21,"$3,500.00 "
17-Jul,4800009296R,Visible (WJ),Utah,Scott Johnson,Ground,Visible (ATL),Georgia,East,24-Jul,Visible (WJ),22,"$3,500.00 "
22-Jul,4800009333R ,Visible (WJ),Utah,Scott Johnson,Ground,Visible (ATL),Georgia,East,29-Jul,Visible (WJ),25,"$3,500.00 "
26-Jul,4800009429R,Visible (WJ),Utah,Scott Johnson,Ground,Visible (ATL),Georgia,East,2-Aug,Visible (WJ),22,"$3,500.00 "
1-Aug,4800009469R,Visible (WJ),Utah,Scott Johnson,Ground,Visible (ATL),Georgia,East,8-Aug,Visible (WJ),22,"$3,500.00 "
15-Aug,4800009697R ,Visible (WJ),Utah,Scott Johnson,Ground,Visible (ATL),Georgia,East,21-Aug,Visible (WJ),15,"$3,500.00 "
15-Aug,4800009645R,Visible (WJ),Utah,Scott Johnson,Ground,Visible (ATL),Georgia,East,22-Aug,Visible (WJ),29,"$3,500.00 "
27-Aug,4800009800,Visible (WJ),Utah,Scott Johnson,Ground,Visible (ATL),Georgia,East,3-Sep,Visible (WJ),19,"$3,500.00 "
29-Aug,4800009819R ,Visible (WJ),Utah,Scott Johnson,Ground,Visible (ATL),Georgia,East,4-Sep,Visible (WJ),19,"$3,500.00 "
5-Sep,4800009891R ,Visible (WJ),Utah,Scott Johnson,Ground,Visible (ATL),Georgia,East,11-Sep,Visible (WJ),16,"$3,500.00 "
17-Sep,4800010026R ,Visible (WJ),Utah,Scott Johnson,Ground,Visible (ATL),Georgia,East,23-Sep,Visible (WJ),21,"$3,500.00 "
18-Sep,4800010065R,Visible (WJ),Utah,Scott Johnson,Ground,Visible (ATL),Georgia,East,24-Sep,Visible (WJ),17,"$3,500.00 "
24-Sep,4800010129R,Visible (WJ),Utah,Scott Johnson,Ground,Visible (ATL),Georgia,East,30-Sep,Visible (WJ),8,"$3,600.00 "
25-Sep,4800010091R ,Visible (WJ),Utah,Scott Johnson,Ground,Visible (ATL),Georgia,East,1-Oct,Visible (WJ),10,"$3,600.00 "
4-Oct,4800010276R ,Visible (WJ),Utah,Scott Johnson,Ground,Visible (ATL),Georgia,East,10-Oct,Visible (WJ),16,"$3,600.00 "
4-Oct,4800010367R ,Visible (WJ),Utah,Scott Johnson,Ground,Visible (ATL),Georgia,East,10-Oct,Visible (WJ),15,"$3,600.00 "
10-Oct,4800010437R ,Visible (WJ),Utah,Scott Johnson,Ground,Visible (ATL),Georgia,East,17-Oct,Visible (WJ),23,"$3,600.00 "
14-Oct,4800010512R ,Visible (WJ),Utah,Scott Johnson,Ground,Visible (ATL),Georgia,East,17-Oct,Visible (WJ),9,"$3,600.00 "
11-Sep,4800009969R,Visible (WJ),Utah,Scott Johnson,Ground,Visible (ATL),Georgia,East,17-Sep,Visible (WJ),24,"$3,900.00 "
19-Jun,4900003538R ,Visible (WJ),Utah,Aries Global,Ground,Visible (Atlanta),Georgia,East,25-Jun,Visible (WJ),4,$645.45 
3-Jun,4800008770R,Visible (WJ),Utah,Scott Johnson,Ground,Visible (Atlanta),Georgia,East,10-Jun,Visible (WJ),26,"$3,500.00 "
4-Jun,4800008794R,Visible (WJ),Utah,Scott Johnson,Ground,Visible (Atlanta),Georgia,East,11-Jun,Visible (WJ),22,"$3,500.00 "
6-Jun,4800008818R,Visible (WJ),Utah,Scott Johnson,Ground,Visible (Atlanta),Georgia,East,12-Jun,Visible (WJ),22,"$3,500.00 "
6-Jun,4800008851R ,Visible (WJ),Utah,Scott Johnson,Ground,Visible (Atlanta),Georgia,East,13-Jun,Visible (WJ),17,"$3,500.00 "
10-Jun,4800008884,Visible (WJ),Utah,Scott Johnson,Ground,Visible (Atlanta),Georgia,East,18-Jun,Visible (WJ),14,"$3,500.00 "
11-Jun,4800008874,Visible (WJ),Utah,Scott Johnson,Ground,Visible (Atlanta),Georgia,East,18-Jun,Visible (WJ),6,"$3,500.00 "
14-Jun,4800008924R,Visible (WJ),Utah,Scott Johnson,Ground,Visible (Atlanta),Georgia,East,21-Jun,Visible (WJ),22,"$3,500.00 "
17-Jun,4800008946R,Visible (WJ),Utah,Scott Johnson,Ground,Visible (Atlanta),Georgia,East,24-Jun,Visible (WJ),13,"$3,500.00 "
30-Sep,Hawaii09302019,doTERRA Mfg,Utah,Trans-Expedite,Air,5 Star Transportation,Hawaii,Hawaii,1-Oct,Nathan Davis,1,"$2,114.15 "
27-Sep,FFE0927219,FFE Solutions,Utah,Trans-Expedite,Air,5 Star Transportation,Hawaii,Hawaii,30-Sep,Bryce Russell,2,"$4,933.70 "
29-May,4800008682R/4900003488R,Visible (West Jordan),Utah,Trans-Expedite,,Five Star Transportation (HI),Hawaii,Hawaii,10-Jun,Visible (WJ),8,"$6,973.51 "
29-May, 4900003489R/4900003490R,Visible (West Jordan),Utah,Trans-Expedite,,Five Star Transportation (HI),Hawaii,Hawaii,10-Jun,Visible (WJ),19,"$9,562.17 "
16-Aug,4800009693R ,Visible (WJ),Utah,UPS (overnight),Ground ,5 Star Transportation,Hawaii,Hawaii,19-Aug,Visible (WJ),1,"$1,246.00 "
30-Sep,4800010190R,Visible (WJ),Utah,Trans-Expedite,Air,5 Star Transportation,Hawaii,Hawaii,1-Oct,Visible (WJ),2,"$4,729.53 "
25-Sep,4800010072R,Visible (WJ),Utah,Trans-Expedite,Ocean,5 Star Transportation,Hawaii,Hawaii,11-Oct,Visible (WJ),15,"$9,653.08 "
8-Aug,HI1004-71919,Visible (WJ),Utah,Trans-Expedite,Ocean,5 Star Transportation,Hawaii,Hawaii,21-Aug,Visible (WJ),40,"$22,035.00 "
12-Jul,4800009240R,Visible (WJ),Utah,Trans-Expedite,Ocean,Five Star Transportation,Hawaii,Hawaii,25-Jul,Bryce Russell,3,"$1,844.61 "
10-Jul, 4900003555R,Visible (WJ),Utah,Trans-Expedite,Ocean,Five Star Transportation,Hawaii,Hawaii,23-Jul,Visible (WJ),2,"$2,547.62 "
8-Jul,4900003557R,Visible (WJ),Utah,Trans-Expedite,Ocean,Five Star Transportation,Hawaii,Hawaii,21-Jul,Visible (WJ),8,"$9,893.30 "
25-Jul,4800009236R,Visible (WJ),Utah,Trans-Expedite,Ocean,Five Star Transportation,Hawaii,Hawaii,7-Aug,Visible (WJ),1,"$10,318.61 "
4-Jun,4800008752,Visible (WJ),Utah,Trans-Expedite,Ocean,Five Star Transportation (HI),Hawaii,Hawaii,14-Jun,Visible (WJ),39,"$18,757.00 "
21-Aug,4500010841,Dotera Mfg,Utah,Aries Global,Ground,NCL,Idaho,West,23-Aug,Kristin Hirst,1,$212.23 
20-Aug,NCL08202019,Doterra Mfg,Utah,GlobalTranz,Ground,NCL,Idaho,West,21-Aug,Nathan Davis,1,$114.91 
31-Oct,NCL10312019,doTERRA Mfg,Utah,Global Tranz,Ground,NCL,Idaho,West,4-Nov,Nathan Davis,1,$115.11 
12-Jul,NCL07022019,Doterra Mfg,Utah,GlobalTranz,Ground,NCL,Idaho,West,16-Jul,Nathan Davis,1,$127.15 
22-Jul,NCL07222019,Doterra Mfg,Utah,GlobalTranz,Ground,NCL,Idaho,West,23-Jul,Nathan Davis,1,$127.15 
7-Aug,NCL08072019,Doterra Mfg,Utah,GlobalTranz,Ground,NCL,Idaho,West,9-Aug,Nathan Davis,1,$127.15 
27-Aug,NCL08272019,Doterra Mfg,Utah,GlobalTranz,Ground,NCL,Idaho,West,28-Aug,Kristin Hirst,1,$154.58 
2-Oct,NCL10022019,doTerra Mfg,Utah,Aries Global,Ground,NCL,Idaho,West,3-Oct,Kristin Hirst,1,$199.84 
19-Jun,45-10517,Doterra Mfg,Utah,GlobalTranz,Ground,Northwest Cosmetic Labs,Idaho,West,20-Jun,Kristin Hirst,1,$127.25 
21-Jun,NCL06212019,Doterra Mfg,Utah,Aries Global,Ground,Northwest Cosmetic Labs,Idaho,West,25-Jun,Nathan Davis,1,$217.00 
7-Oct,4500011668,Total Label,Montana,GlobalTranz,Ground,NCL,Idaho,West,8-Oct,Katherine Haws,1,$143.58 
1-Aug,RTV-45-9092,Visible (WJ),Utah,Scott Johnson,Ground,NCL,Idaho,West,2-Aug,Visible (WJ),1,$80.00 
1-Aug,RTV-45-9092Q,Visible (WJ),Utah,Scott Johnson,Ground,NCL,Idaho,West,2-Aug,Visible (WJ),9,$720.00 
4-Oct,PCTDesMoines,doTerra Mfg,Utah,Aries Global,Ground,Iowa Events Center,Iowa,Midwest,11-Oct,Events,2,$497.99 
25-Jul,BOT07252019,Doterra Mfg,Utah,GlobalTranz,Ground,Botanie,Montana,Midwest,26-Jul,Nathan Davis,1,$147.80 
9-Aug,HC08092019,Doterra Mfg,Utah,GlobalTranz,Ground,Hilliside Candy,New Jersey,East,12-Aug,Nathan Davis,1,$170.10 
17-Jul,HC07172019,Doterra Mfg,Utah,GlobalTranz,Ground,Hillside Candies,New Jersey,East,22-Jul,Nathan Davis,1,$336.80 
4-Oct,Lonza10042019,doTerra Mfg,Utah,Aries Global,Ground,Lonza,New Jersey,East,10-Oct,Nathan Davis,2,"$1,220.49 "
10-Oct,4500010616,doTerra Mfg,Utah,Aries Global,Ground,Lonza Capsugel,New Jersey,East,16-Oct,Cameron Riel,1,$935.25 
2-Aug,RUS2019-08-01,Visible (WJ),Utah,Aries Global,Ground,Velox Internation Shipping,New Jersey,East,8-Aug,Visible (WJ),2,$399.32 
1-Aug,RUS2019-07-31 ,Visible (WJ),Utah,Aries Global,Ground,Velox Internation Shipping,New Jersey,East,7-Aug,Visible (WJ),2,$482.81 
18-Jun,Aroma06182019,Doterra Mfg,Utah,Aries Global,Ground,"doTerra  Event (Columbus, OH)",Ohio,East,24-Jun,Nathan Davis,2,$740.68 
6-Sep,MidCon09062019,Doterra Mfg,Utah,GlobalTranz,Ground,Mid Continent,Oklahoma,Midwest,10-Sep,Kristin Hirst,1,$162.56 
12-Sep,MidCon09122019,Doterra Mfg,Utah,GlobalTranz,Ground,Mid Continent,Oklahoma,Midwest,17-Sep,Kristin Hirst,1,$193.99 
26-Aug,4500011222,Doterra Mfg,Utah,Aries Global,Ground,Mid Continent,Oklahoma,Midwest,29-Aug,Kristin Hirst,1,$631.94 
4-Oct,PCTPortland,doTerra Mfg,Utah,Aries Global,Ground,DWA Trade Show/Exposition,Oregon,West,11-Oct,Events,5,"$1,319.79 "
23-Jul,PORTEVENT07232019,Doterra Mfg,Utah,GlobalTranz,Ground,Hilton Portland & The Duniway,Oregon,West,26-Jul,Kylie Cobb,1,$146.49 
11-Jul,45-10451/45-9041,Doterra Mfg,Utah,GlobalTranz,Ground,Bradford Soap,Rhode Island,East,17-Jul,Nathan Davis,1,$243.05 
25-Jul,BRAD07252019,Doterra Mfg,Utah,GlobalTranz,Ground,Bradford Soap,Rhode Island,East,29-Jul,Nathan Davis,1,$255.38 
19-Jun,4500010451,Doterra Mfg,Utah,Aries Global,Ground,Bradford Soap,Rhode Island,East,24-Jun,Shelly Carly,1,$338.18 
15-Aug,Bradford08152019,Doterra Mfg,Utah,GlobalTranz,Ground,Bradford Soap,Rhode Island,East,19-Aug,Shelly Carly,1,$362.44 
29-Aug,Bradford08292019,Doterra Mfg,Utah,GlobalTranz,Ground,Bradford Soap,Rhode Island,East,4-Sep,Shelly Carly,1,$414.02 
18-Jun,4800008961,Doterra Mfg,Utah,GlobalTranz,Ground,Saddle Creek (DFW),Texas,South,20-Jun,Nathan Davis,1,$162.36 
29-Aug,DFW08292019,Doterra Mfg,Utah,GlobalTranz,Ground,Saddle Creek (DFW),Texas,South,3-Sep,Nathan Davis,1,$169.02 
9-Aug,DFW08092019,Doterra Mfg,Utah,GlobalTranz,Ground,Saddle Creek (DFW),Texas,South,12-Aug,Nathan Davis,1,$170.09 
1-Nov,DFW11012019,doTERRA Mfg,Utah,GlobalTranz,Ground,Saddle Creek (DFW),Texas,South,5-Nov,Nathan Davis,1,$170.09 
17-Oct,DFW10172019,doTERRA Mfg,Utah,GlobalTranz,Ground,Saddle Creek (DFW),Texas,South,21-Oct,Nathan Davis,2,$190.57 
15-Jul,DFW07122019,Doterra Mfg,Utah,GlobalTranz,Ground,Saddle Creek (DFW),Texas,South,18-Jul,Nathan Davis,1,$193.02 
1-Jul,4800009136,Doterra Mfg,Utah,GlobalTranz,Ground,Saddle Creek (DFW),Texas,South,3-Jul,Nathan Davis,1,$210.59 
24-May, 60206972 -1,Doterra Mfg,Utah,GlobalTranz,,Saddle Creek (DFW),Texas,South,29-May,Nathan Davis,1,$215.50 
26-Jul,4800009426,Doterra Mfg,Utah,GlobalTranz,Ground,Saddle Creek (DFW),Texas,South,30-Jul,Nathan Davis,2,$267.47 
19-Jul,DFW07192019,Doterra Mfg,Utah,GlobalTranz,Ground,Saddle Creek (DFW),Texas,South,23-Jul,Nathan Davis,2,$433.08 
12-Jul,DFW07122019,Doterra Mfg,Utah,Aries Global,Ground,Saddle Creek (DFW),Texas,South,17-Jul,Nathan Davis,2,$531.65 
28-Jun,4800009119,Doterra Mfg,Utah,Aries Global,Ground,Saddle Creek (DFW),Texas,South,2-Jul,Nathan Davis,3,$859.41 
8-Oct,DFW10082019,doTerra Mfg,Utah,Aries Global,Ground,Saddle Creek (DFW),Texas,South,11-Oct,Bryce Russell,3,"$1,088.96 "
10-Oct,DFW10102019,doTerra Mfg,Utah,Aries Global,Ground,Saddle Creek (DFW),Texas,South,15-Oct,Bryce Russell,4,"$1,262.66 "
27-Sep,DFW092619 ,Doterra Mfg,Utah,Scott Johnson,Ground,Saddle Creek (DFW),Texas,South,2-Oct,Nathan Davis,9,"$2,500.00 "
10-Jul,4500010813,Doterra Mfg,Utah,GlobalTranz,Ground,Texas Beauty Labs,Texas,South,15-Jul,Nathan Davis,1,$170.10 
19-Aug,TBL08192019,Doterra Mfg,Utah,GlobalTranz,Ground,Texas Beauty Labs,Texas,South,22-Aug,Shelly Carly,1,$170.10 
27-Sep,TBL09272019,Doterra Mfg,Utah,Aries Global ,Ground,Texas Beauty Labs,Texas,South,2-Oct,Nathan Davis,2,$647.39 
28-May,4500009816,Doterra Mfg,Utah,GlobalTranz,,Texax Beauty Labs,Texas,South,31-May,Nathan Davis,1,$163.27 
7-Oct,4500011411,Total Label,Montana,GlobalTranz,Ground,Texas Beauty Labs,Texas,South,14-Oct,Katherine Haws,1,$210.47 
24-Jul,4900003595R,Visible (ATL),Atlanta,Scott Johnson,Ground,Saddle Creek (DFW),Texas,South,29-Jul,Visible (WJ),16,"$1,900.00 "
1-Jul,4900003554R,Visible (ATL),Atlanta,Scott Johnson,Ground,Saddle Creek (DFW),Texas,South,5-Jul,Visible (WJ),24,"$2,000.00 "
13-Jun,4900003530R,Visible (ATL),Atlanta,Scott Johnson,Ground,Saddle Creek (DFW),Texas,South,18-Jun,Visible (WJ),29,"$2,200.00 "
25-Jun,4900003548,Visible (ATL),Atlanta,Scott Johnson,Ground,Saddle Creek (DFW),Texas,South,28-Jun,Visible (WJ),26,"$2,400.00 "
25-Jun,4900003549,Visible (ATL),Atlanta,Scott Johnson,Ground,Saddle Creek (DFW),Texas,South,28-Jun,Visible (WJ),26,"$3,700.00 "
29-May,4900003500R,Visible (Atlanta),Atlanta,GlobalTranz,,Saddle Creek (DFW),Texas,South,3-Jun,Visible (WJ),4,$317.42 
28-May,4800008697R,Visible (West Jordan),Utah,Scott Johnson,,Saddle Creek (DFW),Texas,South,31-May,Visible (WJ),26,"$2,400.00 "
29-Aug,4900003657,Visible (WJ),Utah,GlobalTranz,Ground,Saddle Creek (DFW),Texas,South,3-Sep,Visible (WJ),2,$194.74 
8-Aug,4900003624R,Visible (WJ),Utah,GlobalTranz,Ground,Saddle Creek (DFW),Texas,South,12-Aug,Visible (WJ),2,$257.42 
24-Jul,4800009354R,Visible (WJ),Utah,GlobalTranz,Ground,Saddle Creek (DFW),Texas,South,26-Jul,Visible (WJ),2,$291.57 
10-Jul,4900003562,Visible (WJ),Utah,Aries Global,Ground,Saddle Creek (DFW),Texas,South,15-Jul,Visible (WJ),1,$380.38 
11-Jul,4900003571,Visible (WJ),Utah,Scott Johnson,Ground,Saddle Creek (DFW),Texas,South,16-Jul,Visible (WJ),2,$625.00 
19-Jun,4900003537R ,Visible (WJ),Utah,Aries Global,Ground,Saddle Creek (DFW),Texas,South,25-Jun,Visible (WJ),4,$763.43 
11-Sep,4900003689R,Visible (WJ),Utah,Aries Global,Ground,Saddle Creek (DFW),Texas,South,16-Sep,Visible (WJ),4,$916.88 
26-Jun,4900003541,Visible (WJ),Utah,Aries Global,Ground,Saddle Creek (DFW),Texas,South,2-Jul,Visible (WJ),3,$931.49 
9-Jul,4800009176R,Visible (WJ),Utah,Aries Global,Ground,Saddle Creek (DFW),Texas,South,15-Jul,Visible (WJ),4,"$1,327.29 "
9-Sep,4800009919R,Visible (WJ),Utah,Aries Global,Ground,Saddle Creek (DFW),Texas,South,13-Sep,Visible (WJ),5,"$1,426.95 "
11-Jul,4900003576R,Visible (WJ),Utah,Scott Johnson,Ground,Saddle Creek (DFW),Texas,South,16-Jul,Visible (WJ),6,"$1,875.00 "
24-Jun,4800008970,Visible (WJ),Utah,Scott Johnson,Ground,Saddle Creek (DFW),Texas,South,28-Jun,Visible (WJ),26,"$2,400.00 "
25-Jun,4800009009,Visible (WJ),Utah,Scott Johnson,Ground,Saddle Creek (DFW),Texas,South,28-Jun,Visible (WJ),10,"$2,400.00 "
26-Jun,4800009039R,Visible (WJ),Utah,Scott Johnson,Ground,Saddle Creek (DFW),Texas,South,2-Jul,Visible (WJ),18,"$2,400.00 "
27-Jun,4800009072R,Visible (WJ),Utah,Scott Johnson,Ground,Saddle Creek (DFW),Texas,South,2-Jul,Visible (WJ),6,"$2,400.00 "
17-Jul,4800009258,Visible (WJ),Utah,Scott Johnson,Ground,Saddle Creek (DFW),Texas,South,22-Jul,Visible (WJ),18,"$2,400.00 "
19-Jul,4800009297R,Visible (WJ),Utah,Scott Johnson,Ground,Saddle Creek (DFW),Texas,South,24-Jul,Visible (WJ),14,"$2,400.00 "
24-Jul,4800009334R,Visible (WJ),Utah,Scott Johnson,Ground,Saddle Creek (DFW),Texas,South,30-Jul,Visible (WJ),22,"$2,400.00 "
26-Jul,4800009430R,Visible (WJ),Utah,Scott Johnson,Ground,Saddle Creek (DFW),Texas,South,1-Aug,Visible (WJ),21,"$2,400.00 "
2-Aug,4800009470R ,Visible (WJ),Utah,Scott Johnson,Ground,Saddle Creek (DFW),Texas,South,7-Aug,Visible (WJ),26,"$2,400.00 "
2-Aug,4800009505R,Visible (WJ),Utah,Scott Johnson,Ground,Saddle Creek (DFW),Texas,South,7-Aug,Visible (WJ),25,"$2,400.00 "
7-Aug,4800009555R ,Visible (WJ),Utah,Scott Johnson,Ground,Saddle Creek (DFW),Texas,South,12-Aug,Visible (WJ),23,"$2,400.00 "
9-Aug,4800009576,Visible (WJ),Utah,Scott Johnson,Ground,Saddle Creek (DFW),Texas,South,14-Aug,Visible (WJ),34,"$2,400.00 "
13-Aug,4800009647R,Visible (WJ),Utah,Scott Johnson,Ground,Saddle Creek (DFW),Texas,South,16-Aug,Visible (WJ),22,"$2,400.00 "
14-Aug,4800009648R,Visible (WJ),Utah,Scott Johnson,Ground,Saddle Creek (DFW),Texas,South,20-Aug,Visible (WJ),22,"$2,400.00 "
15-Aug,4800009698R,Visible (WJ),Utah,Scott Johnson,Ground,Saddle Creek (DFW),Texas,South,20-Aug,Visible (WJ),25,"$2,400.00 "
29-Aug,4800009801,Visible (WJ),Utah,Scott Johnson,Ground,Saddle Creek (DFW),Texas,South,3-Sep,Visible (WJ),24,"$2,400.00 "
6-Sep,4800009892R,Visible (WJ),Utah,Scott Johnson,Ground,Saddle Creek (DFW),Texas,South,11-Sep,Visible (WJ),26,"$2,400.00 "
18-Sep,4900003710R,Visible (WJ),Utah,Scott Johnson,Ground,Saddle Creek (DFW),Texas,South,23-Sep,Visible (WJ),28,"$2,400.00 "
3-Jun,4800008721,Visible (WJ),Utah,Scott Johnson,Ground,Saddle Creek (DFW),Texas,South,6-Jun,Visible (WJ),25,"$2,500.00 "
3-Jun,4800008771R,Visible (WJ),Utah,Scott Johnson,Ground,Saddle Creek (DFW),Texas,South,7-Jun,Visible (WJ),26,"$2,500.00 "
5-Jun,4800008795R,Visible (WJ),Utah,Scott Johnson,Ground,Saddle Creek (DFW),Texas,South,10-Jun,Visible (WJ),21,"$2,500.00 "
6-Jun,4800008819R ,Visible (WJ),Utah,Scott Johnson,Ground,Saddle Creek (DFW),Texas,South,12-Jun,Visible (WJ),26,"$2,500.00 "
7-Jun,4800008850R,Visible (WJ),Utah,Scott Johnson,Ground,Saddle Creek (DFW),Texas,South,12-Jun,Visible (WJ),26,"$2,500.00 "
11-Jun,4800008875,Visible (WJ),Utah,Scott Johnson,Ground,Saddle Creek (DFW),Texas,South,17-Jun,Visible (WJ),23,"$2,500.00 "
13-Jun,4800008897,Visible (WJ),Utah,Scott Johnson,Ground,Saddle Creek (DFW),Texas,South,18-Jun,Visible (WJ),26,"$2,500.00 "
14-Jun,4800008925R ,Visible (WJ),Utah,Scott Johnson,Ground,Saddle Creek (DFW),Texas,South,19-Jun,Visible (WJ),28,"$2,500.00 "
18-Jun,4800008947R,Visible (WJ),Utah,Scott Johnson,Ground,Saddle Creek (DFW),Texas,South,21-Jun,Visible (WJ),25,"$2,500.00 "
3-Jul,4800009144R,Visible (WJ),Utah,Scott Johnson,Ground,Saddle Creek (DFW),Texas,South,9-Jul,Visible (WJ),24,"$2,500.00 "
5-Jul,4800009115,Visible (WJ),Utah,Scott Johnson,Ground,Saddle Creek (DFW),Texas,South,10-Jul,Visible (WJ),20,"$2,500.00 "
11-Jul,4800009210,Visible (WJ),Utah,Scott Johnson,Ground,Saddle Creek (DFW),Texas,South,16-Jul,Visible (WJ),16,"$2,500.00 "
21-Aug,4800009748R,Visible (WJ),Utah,Scott Johnson,Ground,Saddle Creek (DFW),Texas,South,27-Aug,Visible (WJ),29,"$2,500.00 "
3-Sep,4800009820R ,Visible (WJ),Utah,Scott Johnson,Ground,Saddle Creek (DFW),Texas,South,6-Sep,Visible (WJ),25,"$2,500.00 "
15-Sep,4800009945R,Visible (WJ),Utah,Scott Johnson,Ground,Saddle Creek (DFW),Texas,South,19-Sep,Visible (WJ),23,"$2,500.00 "
19-Sep,4800010028,Visible (WJ),Utah,Scott Johnson,Ground,Saddle Creek (DFW),Texas,South,25-Sep,Visible (WJ),25,"$2,500.00 "
19-Sep,4800010064R ,Visible (WJ),Utah,Scott Johnson,Ground,Saddle Creek (DFW),Texas,South,25-Sep,Visible (WJ),14,"$2,500.00 "
27-Sep,4800010128R,Visible (WJ),Utah,Scott Johnson,Ground,Saddle Creek (DFW),Texas,South,2-Oct,Visible (WJ),8,"$2,500.00 "
27-Sep,4800010092,Visible (WJ),Utah,Scott Johnson,Ground,Saddle Creek (DFW),Texas,South,2-Oct,Visible (WJ),19,"$2,500.00 "
3-Oct,4800010206R,Visible (WJ),Utah,Scott Johnson,Ground,Saddle Creek (DFW),Texas,South,7-Oct,Visible (WJ),21,"$2,500.00 "
7-Oct,4800010366R,Visible (WJ),Utah,Scott Johnson,Ground,Saddle Creek (DFW),Texas,South,10-Oct,Visible (WJ),20,"$2,500.00 "
11-Oct,4800010438R ,Visible (WJ),Utah,Scott Johnson,Ground,Saddle Creek (DFW),Texas,South,16-Oct,Visible (WJ),24,"$2,500.00 "
14-Oct,4800010513R,Visible (WJ),Utah,Scott Johnson,Ground,Saddle Creek (DFW),Texas,South,17-Oct,Visible (WJ),12,"$2,500.00 "
1-Jul,4800009091,Visible (WJ),Utah,Scott Johnson,Ground,Saddle Creek (DFW),Texas,South,5-Jul,Visible (WJ),25,"$2,600.00 "
12-Sep,4800009970R,Visible (WJ),Utah,Scott Johnson,Ground,Saddle Creek (DFW),Texas,South,18-Sep,Visible (WJ),26,"$2,600.00 "
28-May,5282019,Best Formulations,California,GlobalTranz,,Doterra (PG) - Totes/Drums,Utah,West,30-May,Robin Sun,3,$311.76 
15-Jul,BF07152019,Best Formulations,California,GlobalTranz,Ground,Doterra Mfg,Utah,West,16-Jul,Best Formulations,1,$168.82 
16-Jul,BF07162019,Best Formulations,California,GlobalTranz,Ground,Doterra Mfg,Utah,West,19-Jul,Best Formulations,1,$168.82 
1-Aug,BF08012019,Best Formulations,California,GlobalTranz,Ground,Doterra Mfg,Utah,West,5-Aug,Best Formulations,1,$168.82 
7-Aug,BF08072019-2,Best Formulations,California,GlobalTranz,Ground,Doterra Mfg,Utah,West,12-Aug,Best Formulations,2,$179.40 
20-Aug,BFReturn08202019,Best Formulations,California,GlobalTranz,Ground,Doterra Mfg,Utah,West,23-Aug,Best Formulations,1,$198.27 
21-Aug,BFReturn08212019,Best Formulations,California,GlobalTranz,Ground,Doterra Mfg,Utah,West,26-Aug,Best Formulations,1,$198.27 
27-Sep,BFReturn09272019,Best Formulations,California,GlobalTranz,Ground,Doterra Mfg,Utah,West,1-Oct,Best Formulations,1,$198.91 
25-Oct,BFReturn102519,Best Formulations,California,GlobalTranz,Ground,doTERRA Mfg,Utah,West,29-Oct,Best Formulations,1,$226.52 
30-Jul,BF07302019,Best Formulations,California,GlobalTranz,Ground,Doterra Mfg,Utah,West,2-Aug,Best Formulations,3,$234.40 
6-Jun,BF06062019,Best Formulations,California,GlobalTranz,Ground,Doterra Mfg ,Utah,West,10-Jun,Robin Sun,1,$206.40 
5-Sep,BFReturn09052019,Best Formulations,California,GlobalTranz,Ground,Doterra Mfg  ,Utah,West,9-Sep,Best Formulations,1,$198.12 
18-Sep,BF09182019,Best Formulations,California,GlobalTranz,Ground,Doterra Mfg  ,Utah,West,20-Sep,Best Formulations,1,$198.12 
26-Jun,BFTOTE06262019,Best Formulatons,California,GlobalTranz,Ground,Doterra Mfg,Utah,West,28-Jun,Best Formulations,1,$205.88 
8-Oct,4500010451,Bradford Soap,Rhode Island,Aries Global,Ground,Visible (WJ),Utah,West,14-Oct,Shelly Carly,4,"$1,727.68 "
20-Aug,4500009041/4500010154,Bradford Soap,Rhode Island,Scott Johnson,Ground,Visible (WJ),Utah,West,23-Aug,Shelly Carly,50,"$9,000.00 "
5-Jul,BRAMPETALDIFF0705219,Canada (Brampton),Canada,Scott Johnson,Ground,Visible (WJ),Utah,West,12-Jul,Jake Goldsmith,19,"$3,500.00 "
5-Jul,CGYPETALDIFF07052019,Canada (Calgary),Canada,Scott Johnson,Ground,Visible (WJ),Utah,West,12-Jul,Jake Goldsmith,7,"$2,200.00 "
8-Oct,CalgaryDispRet10072019,Canada (Calgary),Canada,Scott Johnson,Ground,Visible (WJ),Utah,West,11-Oct,Jacob Goldsmith,14,"$2,600.00 "
6-Aug,VANEVENT08062019Return,Canada (Vancouver),Canada,Aries Global,Ground,Doterra Mfg,Utah,West,9-Aug,Candice Klein,1,$330.56 
9-Aug,45000010369/1   ,Captek Softgel,California,GlobalTranz,Ground,Visible (WJ),Utah,West,13-Aug,Captek Softgel,5,$341.82 
19-Jul,4500010379/1,Captek Softgel Intl,California,Aries Global,Ground,Doterra Mfg,Utah,West,23-Jul,Kristin Hirst,4,$443.16 
26-Jul,4500009986/1  ,Captek Softgel Intl,California,GlobalTranz,Ground,Visible (WJ),Utah,West,30-Jul,Captek Softgel,3,$273.35 
30-Jul,45000010369/1 ,Captek Softgel Intl,California,GlobalTranz,Ground,Visible (WJ),Utah,West,2-Aug,Cameron Riel,3,$295.20 
7-Oct,45000010369/1   ,Captek Softgel Intl,California,Aries Global,Ground,Visible (WJ),Utah,West,9-Oct,Valleri Mcleod,4,$517.99 
15-Oct,CaptekReturn10152019,Captek Softgels,California,Aries Global,Ground,doTERRA Mfg,Utah,West,17-Oct,Captek Softgels,5,$788.55 
20-Sep,4500011083/1,Captek Softgels,California,GlobalTranz,Ground,Visible (WJ),Utah,West,24-Sep,Valleri Mcleod,4,$199.87 
9-Sep,DOT-1002-60,Captek Softgels,California,GlobalTranz,Ground,Visible (WJ),Utah,West,12-Sep,Captek Softgels,3,$352.86 
18-Sep,4500010211,CLA,California,Scott Johnson,Ground,doTERRA Mfg (Overlabel),Utah,West,23-Sep,Shelly Carly,47,"$2,100.00 "
10-Jun,408,CLA,California,Scott Johnson,Ground,doterra OL facility,Utah,West,12-Jun,Shelly Carly,3,$300.00 
22-Oct,4500010210,CLA,California,Scott Johnson,Ground,FFE,Utah,West,24-Oct,Shelly Carly,25,"$2,300.00 "
11-Sep,4500010209,CLA,California,GlobalTranz,Ground,FFE Solutions,Utah,West,16-Sep,Shelly Carly,1,$198.07 
20-Sep,4500010209,CLA,California,Scott Johnson,Ground,FFE Solutions,Utah,West,23-Sep,Shelly Carly,22,"$2,000.00 "
23-Aug,4500010209,CLA,California,Scott Johnson,Ground,Ffe Solutions,Utah,West,24-Aug,Shelly Carly,21,"$2,200.00 "
8-Oct,4500010210,CLA,California,Scott Johnson,Ground,FFE Solutions,Utah,West,11-Jan,Shelly Carly,17,"$2,200.00 "
19-Sep,4500010209,CLA,California,Scott Johnson,Ground,FFE Solutions,Utah,West,20-Sep,Shelly Carly,14,"$2,300.00 "
30-Jul,4500009817,CLA,California,Scott Johnson,Ground,Visible (WJ,Utah,West,1-Aug,Shelly Carly,8,"$2,300.00 "
1-Aug,4500008823,CLA,California,Scott Johnson,Ground,Visible (WJ),Utah,West,5-Aug,Shelly Carly,1,$177.00 
19-Jul,4500009447,CLA,California,Scott Johnson,Ground,Visible (WJ),Utah,West,23-Jul,Shelly Carly,11,$807.00 
19-Jul,4500009143/4500009447,CLA,California,Scott Johnson,Ground,Visible (WJ),Utah,West,23-Jul,Shelly Carly,19,"$1,394.00 "
10-Jun,10785,CLA,California,Scott Johnson,Ground,Visible (WJ),Utah,West,12-Jun,Shelly Carly,18,"$1,800.00 "
24-Sep,4500010762,CLA,California,Scott Johnson,Ground,Visible (WJ),Utah,West,26-Sep,Shelly Carly,20,"$2,000.00 "
30-Sep,4500010211,CLA,California,Scott Johnson,Ground,Visible (WJ),Utah,West,2-Oct,Shelly Carly,28,"$2,000.00 "
4-Oct,4500010449,CLA,California,Scott Johnson,Ground,Visible (WJ),Utah,West,9-Oct,Shelly Carly,7,"$2,000.00 "
9-Oct,4500009143/4500010448/4500011189 ,CLA,California,Scott Johnson,Ground,Visible (WJ),Utah,West,11-Oct,Shelly Carly,42,"$2,000.00 "
27-Sep,4500010810,CLA,California,Scott Johnson,Ground,Visible (WJ),Utah,West,30-Sep,Shelly Carly,11,"$2,100.00 "
15-Oct,4500010210,CLA,California,Scott Johnson,Ground,Visible (WJ),Utah,West,17-Oct,Shelly Carly,12,"$2,100.00 "
1-Aug,4500008924,CLA,California,Scott Johnson,Ground,Visible (WJ),Utah,West,5-Aug,Shelly Carly,12,"$2,123.00 "
6-Aug,4500009403/4500010231,CLA,California,Scott Johnson,Ground,Visible (WJ),Utah,West,8-Aug,Shelly Carly,19,"$2,200.00 "
20-Aug,4500010446/4500010162/4500010252,CLA,California,Scott Johnson,Ground ,Visible (WJ),Utah,West,22-Aug,Shelly Carly,13,"$2,200.00 "
27-Aug,45-10162/45-10448,CLA,California,Scott Johnson,Ground,Visible (WJ),Utah,West,29-Aug,Shelly Carly,24,"$2,200.00 "
30-Aug,4500010497,CLA,California,Scott Johnson,Ground,Visible (WJ),Utah,West,4-Sep,Shelly Carly,28,"$2,200.00 "
26-Jul,4500008972,CLA,California,Scott Johnson,Ground,Visible (WJ),Utah,West,30-Jul,Shelly Carly,58,"$2,300.00 "
29-Jul,4500008915,CLA,California,Scott Johson,Ground,Visible (WJ),Utah,West,1-Aug,Shelly Carly,30,"$2,300.00 "
18-Jun,45-9143-1,CLA,California,Scott Johnson,Ground,Visible (WJ),Utah,West,20-Jun,Shelly Carly,27,"$2,400.00 "
18-Jun,45-9143-2,CLA,California,Scott Johnson,Ground,Visible (WJ),Utah,West,20-Jun,Shelly Carly,22,"$2,400.00 "
25-Sep,4500010762,CLA,California,Scott Johnson,Ground,Visible (WJ),Utah,West,27-Sep,Shelly Carly,52,"$4,000.00 "
27-Sep,4500010448,CLA,California,Scott Johnson,Ground,Visible (WJ),Utah,West,30-Sep,Shelly Carly,51,"$4,000.00 "
17-Jul,4500009371,CLA,California,Scott Johnson,Ground,Visible (WJ),Utah,West,19-Jul,Shelly Carly,51,"$4,400.00 "
9-Jul,4500009371,CLA,California,Scott Johnson,Ground,Visible (WJ),Utah,West,11-Jul,Shelly Carly,52,"$4,600.00 "
22-Jul,4500008972,CLA,California,Scott Johnson,Ground,Visible (WJ),Utah,West,25-Jul,Shelly Carly,60,"$4,600.00 "
2-Jul,4500009371,CLA,California,Scott Johnson,Ground,Visible (WJ),Utah,West,5-Jul,Shelly Carly,52,"$4,800.00 "
25-Oct,DeseretReturn102519,Deseret Labs,Utah,GlobalTranz,Ground,doTERRA Mfg,Utah,West,28-Oct,Valleri Mcleod,1,$116.35 
9-Aug,4500011061,Doterra Mfg,Utah,Aries Global,Ground,Deseret Laboratories,Utah,West,13-Aug,Cameron Riel,1,$192.16 
11-Jul,4500010654,Doterra Mfg,Utah,GlobalTranz,Ground,Deseret Labs,Utah,West,12-Jul,Nathan Davis,1,$116.35 
5-Aug,CLA08052019,Doterra Mfg,Utah,GlobalTranz,Ground,Doterra Mfg,Utah,West,7-Aug,Shelly Carly,1,$346.35 
25-Sep,PCTSanJose,Doterra Mfg,Utah,Scott Johnson,Ground,Double Tree Hotel (SJ),Utah,West,26-Sep,Events,5,"$1,100.00 "
1-Oct,PCTMonroeville,doTerra Mfg,Utah,Aries Global,Ground,Doubletree Hilton,Utah,West,4-Oct,Events,2,$858.19 
27-Sep,PCTMonroeville,Doterra Mfg,Utah,Aries Global,Ground,Doubletree Hilton,Utah,West,3-Oct,Events,4,"$1,763.00 "
5-Oct,PCTMonroeville-Return,Doubletree Hilton,California,Aries Global,Ground,doTERRA Mfg,Utah,West,14-Oct,Events,3,$899.74 
28-Sep,PCTSanJoseReturn,Doubletree Hotel (SJ),California,Scott Johnson,Ground,doTERRA Mfg,Utah,West,30-Sep,Events,2,"$1,100.00 "
1-Jul,AT07012019,Event Center in Ohio,Ohio,Aries Global,Ground,Doterra Mfg,Utah,West,5-Jul,Melanie Klein,2,$350.06 
5-Oct,PCTOrlando-Return,Gaylord Palms,Tennessee,Aries Global,Ground,doTERRA Mfg,Utah,West,14-Oct,Events,3,"$1,082.82 "
5-Oct,PCTMinneapolis-Return,Hyatt Regency,Indiana,Aries Global,Ground,doTERRA Mfg,Utah,West,14-Oct,Events,4,"$1,025.65 "
12-Oct,PCTDesMoines-Return,Iowa Events Center,Iowa,Aries Global,Ground,doTERRA Mfg,Utah,West,18-Oct,Evnets,3,$822.17 
5-Oct,PCTSanAntonio -Return,JW Marriott,Texas,Aries Global,Ground,doTERRA Mfg,Utah,West,14-Oct,Events,2,"$1,128.17 "
29-Jul,NCL07292019,NCL,Idaho,GlobalTranz,Ground,Doterra Mfg,Utah,West,30-Jul,Kristin HIrst,5,$128.46 
3-Sep,NCL09032019,NCL,Idaho,Scott Johnson,Ground,doTERRA Mfg (Overlabel),Utah,West,5-Sep,Kristin Hirst,9,$850.00 
7-Oct,4500010126,NCL,Idaho,GlobalTranz,Ground,Visible (WJ),Utah,West,8-Oct,Kristin Hirst,1,$113.44 
9-Sep,4500009761,NCL,Idaho,GlobalTranz,Ground,Visible (WJ),Utah,West,11-Sep,Kristin Hirst,1,$119.00 
13-Aug,4500010126,NCL,Idaho,GlobalTranz,Ground,Visible (WJ),Utah,West,14-Aug,Kristin Hirst,2,$139.52 
25-Jul,45-10130,NCL,Idaho,GlobalTranz,Ground,Visible (WJ),Utah,West,26-Jul,Kristin Hirst,1,$153.45 
27-Jun,NCL06272019,NCL,Idaho,Aries Global,Ground,Visible (WJ),Utah,West,1-Jul,Kristin Hirst,1,$230.36 
6-Aug,4500010498/45000010124,NCL,Idaho,Aries Global,Ground,Visible (WJ),Utah,West,8-Aug,Kristin Hirst,5,$494.68 
23-Jul,4500009761,NCL,Idaho,Aries Global,Ground,Visible (WJ),Utah,West,25-Jul,Kristin Hirst,5,$535.06 
2-Jul,NCL07022019,NCL,Idaho,Scott Johnson,Ground,Visible (WJ),Utah,West,5-Jul,Kristin HIrst,20,$850.00 
8-Jul,4500009774/4500010149/4500009442,NCL,Idaho,Scott Johnson,Ground,Visible (WJ),Utah,West,10-Jul,Kristin HIrst,10,$850.00 
15-Jul,4500009735/4500010149/4500009774,NCL,Idaho,Scott Johnson,Ground,Visible (WJ),Utah,West,17-Jul,Kristin Hirst,20,$850.00 
20-Aug,45/10115/17/127,NCL,Idaho,Scott Johnson,Ground,Visible (WJ),Utah,West,22-Aug,Kristin Hirst,7,$850.00 
29-Aug,45-10498/45-9762/45-9754,NCL,Idaho,Scott Johnson,Ground,Visible (Wj),Utah,West,30-Aug,Kristin Hirst,15,$850.00 
4-Sep,45-9092/10498,NCL,Idaho,Scott Johnson,Ground,Visible (WJ),Utah,West,6-Sep,Kristin Hirst,12,$850.00 
12-Sep,45-10516/45-10517/45-10518/45-10127,NCL,Idaho,Scott Johnson,Ground,Visible (WJ),Utah,West,16-Sep,Kristin Hirst,7,$850.00 
17-Sep,45-10498,NCL,Idaho,Scott Johnson,Ground,Visible (WJ),Utah,West,19-Sep,Kristin Hirst,10,$850.00 
19-Sep,45-10517/45-10779,NCL,Idaho,Scott Johnson,Ground,Visible (WJ),Utah,West,23-Sep,Kristin Hirst,26,$850.00 
4-Oct,NCL10042019,NCL,Idaho,Scott Johnson,Ground,Visible (WJ),Utah,West,9-Oct,Kristin Hirst,5,$850.00 
8-Oct,45-10482,NCL,Idaho,Scott Johnson,Ground,Visible (WJ),Utah,West,9-Oct,Kristin Hirst,5,$850.00 
17-Oct,4500010832,NCL,Idaho,Scott Johnson,Ground,Visible (WJ),Utah,West,21-Oct,Kristin HIrst,18,$850.00 
24-Jun,4500009501/4500009763,NCL,Idaho,Aries Global,Ground,Visible (WJ),Utah,West,26-Jun,Kristin Hirst,3,$220.75 
4-Jun,45-9088,NCL,Idaho,Scott Johnson,Ground,Visible (WJ),Utah,West,7-Jun,Kristin Hirst,25,$850.00 
7-Jun,NCL06072019,NCL,Idaho,Scott Johnson,Ground,Visible (WJ),Utah,West,11-Jun,Kristin Hirst,12,$850.00 
13-Jun,NCL 06132019,NCL,Idaho,Scott Johnson,Ground,Visible (WJ),Utah,West,18-Jun,Kristin Hirst,26,$850.00 
18-Jun,NCL06182019,NCL,Idaho,Scott Johnson,Ground,Visible (WJ),Utah,West,20-Jun,Kristin Hirst,8,$850.00 
2-Oct,46-5549,Paklabs,California,Aries Global,Ground,doTERRA Mfg,Utah,West,4-Oct,Kristin Hirst,2,$257.21 
29-Aug,PakReturn08292019,Paklabs,California,GlobalTranz,Ground,Doterra Mfg,Utah,West,4-Sep,Paklabs,2,$321.41 
3-Sep,4500010113,Paklabs,California,Scott Johnson,Ground,Visible (WJ),Utah,West,5-Sep,Kristin Hirst,9,"$2,100.00 "
3-Jun,45-8527,Paklabs,California,Scott Johnson,Ground,Visible (WJ),Utah,West,5-Jun,Kristin Hirst,27,"$2,200.00 "
5-Jun,45-8945,Paklabs,California,Scott Johnson,Ground,Visible (WJ),Utah,West,11-Jun,Kristin Hirst,30,"$2,200.00 "
20-Sep,45-10511,Paklabs,California,Scott Johnson,Ground,Visible (WJ),Utah,West,24-Sep,Kristin Hirst,21,"$2,000.00 "
20-Aug,45-9068,Paklabs,California,Scott Johnson,Ground,Visible (WJ),Utah,West,22-Aug,Kristin Hirst,20,"$2,200.00 "
24-Jul,45-8527,Paklabs,California,Scott Johnson,Ground,Visible (WJ),Utah,West,26-Jul,Kristin Hirst,18,"$3,050.00 "
25-Jun,SCLReturns06252019,Saddle Creek (DFW),Texas,Aries Global,Ground,Doterra Mfg,Utah,West,1-Jul,Saddle Creek,2,$346.05 
9-Jul,4800009021,Saddle Creek (DFW),Texas,Aries Global,Ground,Visible (WJ),Utah,West,12-Jul,Bryce Russell,3,"$1,471.78 "
22-Jul,4800009183,Saddle Creek (DFW),Texas,Scott Johnson,Ground,Visible (WJ),Utah,West,25-Jul,Bryce Russell,15,"$2,600.00 "
23-Jul,4900003598,Saddle Creek (DFW),Texas,Scott Johnson,Ground,Visible (WJ),Utah,West,26-Jul,Bryce Russell,21,"$2,600.00 "
20-Sep,480001099,Saddle Creek (DFW),Texas,Scott Johnson,Ground,Visible (WJ),Utah,West,25-Sep,Bryce Russell,8,"$2,700.00 "
19-Jul,TBL07192019,Texas Beauty Labs,Texas,GlobalTranz,Ground,Visible (WJ),Utah,West,23-Jul,Shelly Carly,2,$413.82 
27-Aug,4500009816,Texas Beauty Labs,Texas,GlobalTranz,Ground,Visible (WJ),Utah,West,29-Aug,Shelly Carly,2,$417.58 
12-Aug,TBL08122019,Texas Beauty Labs,Texas,GlobalTranz,Ground,Visible (WJ),Utah,West,14-Aug,Shelly Carly,2,$418.31 
25-Jun,TBL06252019,Texas Beauty Labs,Texas,Aries Global,Ground,Visible (WJ),Utah,West,1-Jul,Shelly Carly,2,$750.01 
24-Jul,TBL07242019,Texas Beauty Labs,Texas,Scott Johnson,Ground,Visible (WJ),Utah,West,30-Jul,Shelly Carly,10,"$2,600.00 "
17-Sep,TBL09172019,Texas Beauty Labs,Texas,Scott Johnson,Ground,Visible (WJ),Utah,West,20-Sep,Shelly Carly,8,"$2,600.00 "
19-Sep,TBL09192019,Texas Beauty Labs,Texas,Scott Johnson,Ground,Visible (WJ),Utah,West,25-Sep,Shelly Carly,8,"$2,600.00 "
23-Sep,TBL09232019,Texas Beauty Labs,Texas,Scott Johnson,Ground,Visible (WJ),Utah,West,27-Sep,Shelly Carly,8,"$2,600.00 "
3-Oct,TBL10032019,Texas Beauty Labs,Texas,Scott Johnson,Ground,Visible (WJ),Utah,West,7-Oct,Shelly Carly,8,"$2,600.00 "
4-Oct,TBL10072019,Texas Beauty Labs,Texas,Scott Johnson,Ground,Visible (WJ),Utah,West,10-Oct,Shelly Carly,10,"$2,600.00 "
10-Oct,4500011744,Total Label,Montana,GlobalTranz,Ground,doTERRA Mfg,Utah,West,11-Oct,Katherine Haws,1,$147.88 
26-Jul,4500011062,Total Label,Montana,GlobalTranz,Ground,UST LLC,Utah,West,30-Jul,Total Label,1,$143.47 
1-Nov,4500011975,Total Label,Montana,GlobalTranz,Ground,Wasatch,Utah,West,6-Nov,Katherine Haws,1,$170.09 
30-Aug,4500010702/2,UST Mfg,Utah,Scott Johnson,Ground,Visible (WJ),Utah,West,30-Aug,Valleri Mcleod,14,$450.00 
6-Aug,4500010291/3,UST Mfg,Utah,GlobalTranz,Ground,Visible (WJ),Utah,West,7-Aug,Valleri Mcleod,7,$197.63 
25-Jun,4500009449/1,UST Mfg,Utah,Scott Johnson,Ground,Visible (WJ),Utah,West,26-Jun,Valleri Mcleod,7,$450.00 
21-Aug,4500001029/3,UST Mfg,Utah,Scott Johnson,Ground,Visible (WJ),Utah,West,22-Aug,Valleri Mcleod,7,$450.00 
3-Sep,4500010702/2 ,UST Mfg,Utah,Scott Johnson,Ground,Visible (WJ),Utah,West,4-Sep,Valleri Mcleod,7,$450.00 
27-Sep,4500011028/2 ,UST Mfg,Utah,Scott Johnson,Ground,Visible (WJ),Utah,West,30-Sep,Valleri Mcleod,7,$450.00 
12-Jun,SOE00026659,Veritiv Operating Company,Utah,Aries Global,Ground,Doterra Mfg,Utah,West,17-Jun,Blake Clark,5,"$1,131.29 "
26-Aug,LindonTestAT,Visible (ATL),Atlanta,GlobalTranz,Ground,Doterra Mfg,Utah,West,29-Aug,Visible WJ),2,$558.28 
13-Jun,4900003529R,Visible (ATL),Atlanta,Aries Global,Ground,Visible (WJ),Utah,West,19-Jun,Visible (WJ),1,$364.16 
10-Jul,RTV-45-902C,Visible (ATL),Atlanta,Aries Global,Ground,Visible (WJ),Utah,West,16-Jul,Bryce Russell,4,"$1,270.31 "
10-Jul,4800009182R,Visible (ATL),Atlanta,Scott Johnson,Ground,Visible (WJ),Utah,West,17-Jul,Visible (WJ),17,"$3,600.00 "
1-Aug,4900003614,Visible (ATL),Atlanta,Scott Johnson,Ground,Visible (WJ),Utah,West,8-Aug,Visible (WJ),18,"$3,600.00 "
16-Aug,4800009708R,Visible (ATL),Atlanta,Scott Johnson,Ground ,Visible (WJ),Utah,West,22-Aug,Visible (WJ),26,"$3,600.00 "
11-Sep,4800009956R,Visible (ATL),Atlanta,Scott Johnson,Ground,Visible (WJ),Utah,West,17-Sep,Visible (WJ),11,"$3,600.00 "
26-Jun,4800009074R,Visible (ATL),Atlanta,Scott Johnson,Ground,Visible (WJ),Utah,West,1-Jul,Visible (WJ),14,"$3,700.00 "
3-Jun,4800008780R,Visible (ATL),Atlanta,Scott Johnson,Ground,Visible (WJ),Utah,West,10-Jun,Visible (WJ),26,"$3,800.00 "
11-Jun,4900003518R,Visible (ATL),Atlanta,Scott Johnson,Ground,Visible (WJ),Utah,West,18-Jun,Visible (WJ),23,"$3,800.00 "
21-Aug,FFE82019YARR,Visible (WJ,Utah,Scott Johnson,Ground,Ffe Solutions,Utah,West,21-Aug,Visible (WJ),36,$740.00 
27-Aug,4900003659,Visible (WJ),Utah,Doterra Driver,Ground,Doterra Mfg,Utah,West,27-Aug,Visible (WJ),1,$60.00 
3-Jun,4900003505R ,Visible (WJ),Utah,Doterra Driver,Ground,Doterra Mfg,Utah,West,3-Jun,Visible (WJ),4,$60.00 
6-Jun,PC49-3515R,Visible (WJ),Utah,Doterra Driver,Ground,Doterra Mfg,Utah,West,6-Jun,Visible (WJ),2,$60.00 
7-Jun,4900003516R,Visible (WJ),Utah,Doterra Driver,Ground,Doterra Mfg,Utah,West,7-Jun,Visible (WJ),1,$60.00 
7-Jun,4800008822,Visible (WJ),Utah,Doterra Driver,Ground,Doterra Mfg,Utah,West,7-Jun,Visible (WJ),2,$60.00 
7-Jun,4800008857R ,Visible (WJ),Utah,Doterra Driver,Ground,Doterra Mfg,Utah,West,10-Jun,Visible (WJ),1,$60.00 
7-Jun,DTWPC05312019,Visible (WJ),Utah,Doterra Driver,Ground,Doterra Mfg,Utah,West,10-Jun,Visible (WJ),3,$60.00 
13-Jun,4900003522,Visible (WJ),Utah,Doterra Driver,Ground,Doterra Mfg,Utah,West,13-Jun,Visible (WJ),4,$60.00 
14-Jun,VerageCTN,Visible (WJ),Utah,Doterra Driver,Ground,Doterra Mfg,Utah,West,17-Jun,Visible (WJ),1,$60.00 
17-Jun,DTWshakerbottle,Visible (WJ),Utah,Doterra Driver,Ground,Doterra Mfg,Utah,West,17-Jun,Visible (WJ),1,$60.00 
18-Jun,4900003532R ,Visible (WJ),Utah,Doterra Driver,Ground,Doterra Mfg,Utah,West,18-Jun,Visible (WJ),5,$60.00 
19-Jun,backpacksHR,Visible (WJ),Utah,Doterra Driver,Ground,Doterra Mfg,Utah,West,19-Jun,Visible (WJ),1,$60.00 
24-Jun,4800008992,Visible (WJ),Utah,Doterra Driver,Ground,Doterra Mfg,Utah,West,24-Jun,Visible (WJ),1,$60.00 
24-Jun,4900003540R,Visible (WJ),Utah,Doterra Driver,Ground,Doterra Mfg,Utah,West,25-Jun,Visible (WJ),10,$60.00 
24-Jun,4900003542R,Visible (WJ),Utah,Doterra Driver,Grround,Doterra Mfg,Utah,West,26-Jun,Visible (WJ),1,$60.00 
25-Jun,4800009036,Visible (WJ),Utah,Doterra Driver,Ground,Doterra Mfg,Utah,West,26-Jun,Visible (WJ,7,$60.00 
27-Jun,4900003550R,Visible (WJ),Utah,Doterra Driver,Ground,Doterra Mfg,Utah,West,27-Jun,Visible (WJ),3,$60.00 
8-Jul,4900003563,Visible (WJ),Utah,Doterra Driver,Ground,Doterra Mfg,Utah,West,8-Jul,Visible (WJ),4,$60.00 
9-Jul,4900003568R,Visible (WJ),Utah,Doterra Driver,Ground,Doterra Mfg,Utah,West,10-Jul,Visible (WJ),2,$60.00 
10-Jul,4800009208R ,Visible (WJ),Utah,Doterra Driver,Ground,Doterra Mfg,Utah,West,10-Jul,Visible (WJ),1,$60.00 
10-Jul,4900003575R ,Visible (WJ),Utah,Doterra Driver,Ground,Doterra Mfg,Utah,West,10-Jul,Visible (WJ),2,$60.00 
15-Jul,4900003581R ,Visible (WJ),Utah,Doterra Driver,Ground,Doterra Mfg,Utah,West,15-Jul,Visible (WJ),2,$60.00 
15-Jul,4900003582,Visible (WJ),Utah,Doterra Driver,Ground,Doterra Mfg,Utah,West,15-Jul,Visible (WJ),4,$60.00 
19-Jul,4900003587R ,Visible (WJ),Utah,Doterra Driver,Ground,Doterra Mfg,Utah,West,19-Jul,Visible (WJ),3,$60.00 
24-Jul,4900003601R,Visible (WJ),Utah,Doterra Driver,Ground,Doterra Mfg,Utah,West,25-Jul,Visible (WJ),2,$60.00 
26-Jul,4900003607R ,Visible (WJ),Utah,Doterra Driver,Ground,Doterra Mfg,Utah,West,26-Jul,Visible (WJ),1,$60.00 
1-Aug,4900003615,Visible (WJ),Utah,Doterra Driver,Ground,Doterra Mfg,Utah,West,1-Aug,Visible (WJ),4,$60.00 
5-Aug,4900003622R ,Visible (WJ),Utah,Doterra Driver,Ground,Doterra Mfg,Utah,West,5-Aug,Visible (WJ),3,$60.00 
7-Aug,DTWKoreaSample,Visible (WJ),Utah,Doterra Driver,Ground,Doterra Mfg,Utah,West,8-Aug,Visible (WJ),1,$60.00 
8-Aug,4900003630R ,Visible (WJ),Utah,Doterra Driver,Ground,Doterra Mfg,Utah,West,8-Aug,Visible (WJ),4,$60.00 
9-Aug,4800009543R ,Visible (WJ),Utah,Doterra Driver,Ground,Doterra Mfg,Utah,West,9-Aug,Visible (WJ),1,$60.00 
9-Aug,4900003633,Visible (WJ),Utah,Doterra Driver,Ground,Doterra Mfg,Utah,West,9-Aug,Visible (WJ),3,$60.00 
12-Aug,4900003638R,Visible (WJ),Utah,Doterra Driver,Ground,Doterra Mfg,Utah,West,12-Aug,Visible (WJ),1,$60.00 
12-Aug,4800009636R,Visible (WJ),Utah,Doterra Driver,Ground,Doterra Mfg,Utah,West,12-Aug,Visible (WJ),1,$60.00 
19-Aug,4900003649,Visible (WJ),Utah,Doterra Driver,Ground,Doterra Mfg,Utah,West,19-Aug,Visible (WJ),6,$60.00 
20-Aug,4800009733,Visible (WJ),Utah,Doterra Driver,Ground,Doterra Mfg,Utah,West,21-Aug,Visible (WJ),1,$60.00 
23-Aug,LindonTest ,Visible (WJ),Utah,Doterra Driver,Ground,Doterra Mfg,Utah,West,23-Aug,Visible (Wj),3,$60.00 
23-Aug,4900003653R ,Visible (WJ),Utah,Doterra Driver,Ground,Doterra Mfg,Utah,West,23-Aug,Visible (Wj),3,$60.00 
23-Aug,4800009760R ,Visible (WJ),Utah,Doterra Driver,Ground,Doterra Mfg,Utah,West,23-Aug,Visible (WJ),1,$60.00 
26-Aug,LindonTest2,Visible (WJ),Utah,Doterra Driver,Ground,Doterra Mfg,Utah,West,26-Aug,Visible (WJ),1,$60.00 
26-Aug,DOTHR082119 ,Visible (WJ),Utah,Doterra Driver,Ground,Doterra Mfg,Utah,West,26-Aug,Visible (WJ),1,$60.00 
27-Aug,4800009805,Visible (WJ),Utah,Doterra Driver,Ground,Doterra Mfg,Utah,West,28-Aug,Visible (WJ),1,$60.00 
29-Aug,4800009840R,Visible (WJ),Utah,Doterra Driver,Ground,Doterra Mfg,Utah,West,29-Aug,Visible (Wj),1,$60.00 
29-Aug,4900003667,Visible (WJ),Utah,Doterra Driver,Ground ,Doterra Mfg,Utah,West,30-Aug,Visible (WJ),1,$60.00 
20-Sep,SanJosePCTR,Visible (WJ),Utah,Doterra Driver,Ground,Doterra Mfg,Utah,West,20-Sep,Visible (WJ),1,$60.00 
20-Sep,PCTTour2019R ,Visible (WJ),Utah,Doterra Driver,Ground,Doterra Mfg,Utah,West,20-Sep,Visible (Wj),6,$60.00 
4-Oct,4800010191,Visible (WJ),Utah,doTERRA Driver,Ground,doTERRA Mfg,Utah,West,7-Oct,Visible (WJ),1,$60.00 
15-Oct,4900003779R,Visible (WJ),Utah,doTERRA Driver,Ground,doTERRA Mfg,Utah,West,16-Oct,Visible (WJ),1,$60.00 
15-Oct,FukuiRUorder ,Visible (WJ),Utah,doTERRA Driver,Ground,doTERRA Mfg,Utah,West,15-Oct,Visible (WJ),1,$60.00 
15-Oct,MFGSHIELD-R ,Visible (WJ),Utah,doTERRA Driver,Ground,doTERRA Mfg,Utah,West,15-Oct,Visible (WJ),1,$60.00 
23-Oct,NewPack1017R ,Visible (WJ),Utah,doTERRA Driver,Ground,doTERRA Mfg,Utah,West,23-Oct,Visible (WJ),1,$60.00 
26-Aug,LindonTestSL,Visible (WJ),Utah,Scott Johnson,Ground,Doterra Mfg,Utah,West,27-Aug,Visible (Wj),12,$400.00 
18-Jun,4900003534OL,Visible (WJ),Utah,Doterra Driver,Ground,Doterra Mfg (Overlabel),Utah,West,18-Jun,Visible (WJ),3,$60.00 
5-Jul,4900003564OL ,Visible (WJ),Utah,Doterra Driver,Ground,Doterra Mfg (Overlabel),Utah,West,5-Jul,Visible (WJ),2,$60.00 
4-Sep,4800009878,Visible (WJ),Utah,Doterra Driver,Ground,doTERRA Mfg (Overlabel),Utah,West,4-Sep,Visible (WJ),7,$60.00 
17-Sep,4900003706OL,Visible (WJ),Utah,Doterra Driver,Ground,doTERRA Mfg (Overlabel),Utah,West,17-Sep,Visible (WJ),2,$60.00 
4-Oct,DGtoOVL-R ,Visible (WJ),Utah,doTERRA Driver,Ground,doTERRA Mfg (Overlabel),Utah,West,7-Oct,Visible (WJ),2,$60.00 
14-Oct,4900003775OL,Visible (WJ),Utah,doTERRA Driver,Ground,doTERRA Mfg (Overlabel),Utah,West,14-Oct,Visible (WJ),2,$60.00 
3-Jun,4900003507OL,Visible (WJ),Utah,Scott Johnson,Ground,Doterra Mfg (Overlabel),Utah,West,7-Jun,Visible (WJ),17,$400.00 
6-Jun,4900003514OL,Visible (WJ),Utah,Scott Johnson,Ground,Doterra Mfg (Overlabel),Utah,West,6-Jun,Visible (WJ),7,$400.00 
11-Jun,4900003519OL ,Visible (WJ),Utah,Scott Johnson,Ground,Doterra Mfg (Overlabel),Utah,West,12-Jun,Visible (WJ),9,$400.00 
26-Jun,4900003546OL,Visible (WJ),Utah,Scott Johnson,Ground,Doterra Mfg (Overlabel),Utah,West,26-Jun,Visible (WJ),22,$400.00 
3-Sep,4900003673R,Visible (WJ),Utah,Doterra Driver,Ground,doTERRA Product Center,Utah,West,3-Sep,Visible (WJ),3,$60.00 
5-Sep,4800009900R,Visible (WJ),Utah,Doterra Driver,Ground,doTERRA Product Center,Utah,West,6-Sep,Visible (WJ),1,$60.00 
6-Sep,4900003677R ,Visible (WJ),Utah,Doterra Driver,Ground,doTERRA Product Center,Utah,West,6-Sep,Visible (WJ),6,$60.00 
6-Sep,4800009910R ,Visible (WJ),Utah,Doterra Driver,Ground,doTERRA Product Center,Utah,West,6-Sep,Visible (WJ),1,$60.00 
9-Sep,4900003678R ,Visible (WJ),Utah,Doterra Driver,Ground,doTERRA Product Center,Utah,West,10-Sep,Visible (WJ),2,$60.00 
9-Sep,4900003681R ,Visible (WJ),Utah,Doterra Driver,Ground,doTERRA Product Center,Utah,West,10-Sep,Visible (WJ),5,$60.00 
11-Sep,4900003691R ,Visible (WJ),Utah,Doterra Driver,Ground,doTERRA Product Center,Utah,West,12-Sep,Visible (WJ),3,$60.00 
11-Sep,4900003696R,Visible (WJ),Utah,Doterra Driver,Ground,doTERRA Product Center,Utah,West,12-Sep,Visible (WJ),4,$60.00 
11-Sep,4900003702R,Visible (WJ),Utah,Doterra Driver,Ground,doTERRA Product Center,Utah,West,12-Sep,Visible (WJ),1,$60.00 
11-Sep,4800009993R,Visible (WJ),Utah,Doterra Driver,Ground,doTERRA Product Center,Utah,West,12-Sep,Visible (WJ),1,$60.00 
15-Sep,4900003705R,Visible (WJ),Utah,Doterra Driver,Ground,doTERRA Product Center,Utah,West,16-Sep,Visible (WJ),5,$60.00 
16-Sep,4900003707R ,Visible (WJ),Utah,Doterra Driver,Ground,doTERRA Product Center,Utah,West,18-Sep,Visible (WJ),5,$60.00 
19-Sep,4900003716R ,Visible (WJ),Utah,Doterra Driver,Ground,doTERRA Product Center,Utah,West,20-Sep,Visible (WJ),5,$60.00 
20-Sep,4900003722,Visible (WJ),Utah,Dotera Driver,Ground,doTERRA Product Center,Utah,West,20-Sep,Visible (WJ),2,$60.00 
23-Sep,4900003723R ,Visible (WJ),Utah,Doterra Driver,Ground,doTERRA Product Center,Utah,West,24-Sep,Visible (WJ),3,$60.00 
23-Sep,4800010096R ,Visible (WJ),Utah,Doterra Driver,Ground,doTERRA Product Center,Utah,West,24-Sep,Visible (WJ),1,$60.00 
23-Sep,4800010124R ,Visible (WJ),Utah,Doterra Driver,Ground,doTERRA Product Center,Utah,West,24-Sep,Visible (WJ),4,$60.00 
24-Sep,4800010058R,Visible (WJ),Utah,Doterra Driver,Ground,doTERRA Product Center,Utah,West,24-Sep,Visible (WJ),1,$60.00 
1-Oct,4900003733R,Visible (WJ),Utah,doTERRA Driver,Ground,doTERRA Product Center,Utah,West,1-Oct,Visible (WJ),5,$60.00 
1-Oct,DOTHR092419,Visible (WJ),Utah,doTERRA Driver,Ground,doTERRA Product Center,Utah,West,1-Oct,Visible (WJ),2,$60.00 
3-Oct,4800010237R ,Visible (WJ),Utah,doTERRA Driver,Ground,doTERRA Product Center,Utah,West,3-Oct,Visible (WJ),1,$60.00 
3-Oct,4900003749R,Visible (WJ),Utah,doTERRA Driver,Ground,doTERRA Product Center,Utah,West,3-Oct,Visible (WJ),4,$60.00 
4-Oct,4800010319R ,Visible (WJ),Utah,doTERRA Driver,Ground,doTERRA Product Center,Utah,West,4-Oct,Visible (WJ),3,$60.00 
7-Oct,4900003759R,Visible (WJ),Utah,doTERRA Driver,Ground,doTERRA Product Center,Utah,West,7-Oct,Visible (WJ),4,$60.00 
11-Oct,4900003764,Visible (WJ),Utah,doTERRA Driver,Ground,doTERRA Product Center,Utah,West,11-Oct,Visible (WJ),9,$60.00 
14-Oct,4800010468R,Visible (WJ),Utah,doTERRA Driver,Ground,doTERRA Product Center,Utah,West,14-Oct,Visible (WJ),2,$60.00 
14-Oct,4900003770R ,Visible (WJ),Utah,doTERRA Driver,Ground,doTERRA Product Center,Utah,West,14-Oct,Visible (WJ),4,$60.00 
17-Oct,4800010534,Visible (WJ),Utah,doTERRA Driver,Ground,doTERRA Product Center,Utah,West,17-Oct,Visible (WJ),1,$60.00 
18-Oct,4800010621R ,Visible (WJ),Utah,doTERRA Driver,Ground,doTERRA Product Center,Utah,West,18-Oct,Visible (WJ),1,$60.00 
18-Oct,4900003790R,Visible (WJ),Utah,doTERRA Driver,Ground,doTERRA Product Center,Utah,West,21-Oct,Visible (WJ),2,$60.00 
23-Oct,4900003797R ,Visible (WJ),Utah,doTERRA Driver,Ground,doTERRA Product Center,Utah,West,23-Oct,Visible (WJ),5,$60.00 
23-Oct,4800010714R,Visible (WJ),Utah,doTERRA Driver,Ground,doTERRA Product Center,Utah,West,23-Oct,Visible (WJ),1,$60.00 
24-Oct,4900003803R ,Visible (WJ),Utah,doTERRA Driver,Ground,doTERRA Product Center,Utah,West,24-Oct,Visible (WJ),2,$60.00 
24-Oct,4900003804,Visible (WJ),Utah,doTERRA Driver,Ground,doTERRA Product Center,Utah,West,24-Oct,Visible (WJ),3,$60.00 
29-Oct,4900003817R,Visible (WJ),Utah,doTERRa Driver,Ground,doTERRA Product Center,Utah,West,29-Oct,Visible (WJ),1,$60.00 
29-Oct,4800010760R,Visible (WJ),Utah,doTERRA Driver,Ground,doTERRA Product Center,Utah,West,30-Oct,Visible (Wj),3,$60.00 
31-Oct,4900003827R ,Visible (WJ),Utah,doTERRA Driver,Ground,doTERRA Product Center,Utah,West,31-Oct,Visible (WJ),6,$60.00 
31-Oct,4800010832,Visible (WJ),Utah,doTERRA Driver,Ground,doTERRA Product Center,Utah,West,31-Oct,Visible (WJ),1,$60.00 
4-Nov,4900003840,Visible (WJ),Utah,doTERRA Driver,Ground,doTERRA Product Center,Utah,West,4-Nov,Visible (WJ),1,$60.00 
7-Nov,4900003844R ,Visible (WJ),Utah,doTERRA Driver,Ground,doTERRA Product Center,Utah,West,7-Nov,Visible (WJ),4,$60.00 
7-Nov,4800010793ES ,Visible (WJ),Utah,doTERRA Driver,Ground,doTERRA Product Center,Utah,West,7-Nov,Visible (WJ),4,$60.00 
8-Nov,4800010971R,Visible (WJ),Utah,doTERRA Driver,Ground,doTERRA Product Center,Utah,West,8-Nov,Visible (WJ),5,$60.00 
23-Oct,DOTSPA1017 ,Visible (WJ),Utah,doTERRA Driver,Ground,doTERRA Spa,Utah,West,23-Oct,Visible (WJ),1,$60.00 
3-Jun,FFE05302019R,Visible (WJ),Utah,Doterra Driver,Ground,FFE Solutions,Utah,West,3-Jun,Visible (WJ),1,$60.00 
23-Jul,FFE071919 ,Visible (WJ),Utah,Doterra Driver,Ground,Ffe Solutions,Utah,West,23-Jul,Visible (WJ),1,$60.00 
9-Aug,FFE080719,Visible (WJ),Utah,Doterra Driver,Ground,Ffe Solutions,Utah,West,12-Aug,Visible (WJ),1,$60.00 
3-Sep,FFE082819 ,Visible (WJ),Utah,Doterra Driver,Ground,FFE Solutions,Utah,West,3-Sep,Visible (WJ),2,$60.00 
16-Sep,FFE091019Kid ,Visible (WJ),Utah,Doterra Driver,Ground,FFE Solutions,Utah,West,16-Sep,Visible (WJ),2,$60.00 
16-Sep,FFE091019Kid ,Visible (WJ),Utah,Doterra Driver,Ground,FFE Solutions,Utah,West,16-Sep,Visible (WJ),1,$60.00 
4-Oct,FFE10219OilR ,Visible (WJ),Utah,doTERRA Driver,Ground,FFE Solutions,Utah,West,7-Oct,Visible (WJ),4,$60.00 
8-Aug,FFE080619R ,Visible (WJ),Utah,Scott Johnson,Ground,Ffe Solutions,Utah,West,8-Aug,Visible (WJ),12,$400.00 
14-Aug,FFE081319 ,Visible (WJ),Utah,Scott Johnson,Ground,Ffe Solutions,Utah,West,15-Aug,Visible (WJ),1,$400.00 
22-Aug,FFE82019PEPP,Visible (WJ),Utah,Scott Johnson,Ground,Ffe Solutions,Utah,West,22-Aug,Visible (WJ),31,$620.00 
22-Aug,FFE82019TURM ,Visible (WJ),Utah,Scott Johnson,Ground,Ffe Solutions,Utah,West,22-Aug,Visible (WJ),32,$640.00 
23-Aug,082119ConBag,Visible (WJ),Utah,Scott Johnson,Ground,Ffe Solutions,Utah,West,23-Aug,Visible (Wj),41,$800.00 
14-Aug,4900003639,Visible (WJ),Utah,Doterra Driver,Ground,Manufacturing (Lindon),Utah,West,14-Aug,Visible (WJ),1,$60.00 
12-Jul,4900003579OL,Visible (WJ),Utah,Doterra Driver,Ground,Manufacturing (Overlabel),Utah,West,12-Jul,Visible (WJ),2,$60.00 
25-Jul,4900003604OL,Visible (WJ),Utah,Doterra Driver,Ground,Manufacturing (Overlabel),Utah,West,26-Jul,Visible (WJ),9,$60.00 
8-Aug,4900003628OL,Visible (WJ),Utah,Doterra Driver,Ground,Manufacturing (Overlabel),Utah,West,8-Aug,Visible (WJ),2,$60.00 
22-Aug,4900003652OL,Visible (WJ),Utah,Doterra Driver,Ground,Manufacturing (Overlabel),Utah,West,23-Aug,Visible (WJ),10,$60.00 
10-Jul,4900003565OL,Visible (WJ),Utah,Scott Johnson,Ground,Manufacturing (Overlabel),Utah,West,11-Jul,Visible (WJ),17,$400.00 
11-Jul,4900003572OL,Visible (WJ),Utah,Scott Johnson,Ground,Manufacturing (Overlabel),Utah,West,11-Jul,Visible (WJ),17,$400.00 
23-Jul,4900003588OL,Visible (WJ),Utah,Scott Johnson,Ground,Manufacturing (Overlabel),Utah,West,23-Jul,Visible (WJ),24,$400.00 
16-Aug,4900003641OL,Visible (WJ),Utah,Scott Johnson,Ground,Manufacturing (Overlabel),Utah,West,16-Aug,Visible (WJ),18,$400.00 
28-Aug,4900003661OL,Visible (WJ),Utah,Scott Johnson,Ground,Manufacturing (Overlabel),Utah,West,28-Aug,Visible (WJ),45,$400.00 
30-Jul,4900003609OL,Visible (WJ),Utah,Scott Johnson,Ground,Manufacturing (Overlabel),Utah,West,30-Jul,Visible (WJ),48,$800.00 
22-Aug,RUSSAM082119 ,Visible (WJ),Utah,Doterra Driver,Ground,Victor Fralof (PG),Utah,West,23-Aug,Visible (WJ),1,$60.00 
28-Jun,doTERRA-Labels ,Mariposa Labs,,Aries Global,Ground,Wasatch Labs,Utah,West,1-Jul,Kristin HIrst,2,$263.57 
20-Jun,CSB06202019,CSB,Utah,Aries Global,Ground,Capstone,Virginia,East,20-Jun,Valleri Mcleod,1,$214.29 
19-Jun,CSB06192019,CSB,Utah,Scott Johnson,Ground,Capstone,Virginia,East,19-Jun,Valleri Mcleod,5,$400.00 
14-Oct,DT68871691,Visible (WJ),Utah,Aries Global,Ground,Iserve,,Utah,17-Oct,Visible (WJ),4,$599.69 
5-Sep,GingDropGift,Visible (WJ),Utah,Doterra Driver,Ground,Logisitcs (Front Desk),,Utah,6-Sep,Visible (WJ),1,$60.00 